dateid,areaID,confirmedCases
20210403,ce,29297
20210403,kk,8712
20210403,kp,10054
20210403,kr,23116
20210403,lj,53125
20210403,mb,32893
20210403,ms,14303
20210403,ng,10840
20210403,nm,17078
20210403,po,4898
20210403,sg,8655
20210403,si,220142
20210403,za,5807
20210402,ce,29232
20210402,kk,8698
20210402,kp,10046
20210402,kr,23044
20210402,lj,52864
20210402,mb,32757
20210402,ms,14292
20210402,ng,10762
20210402,nm,17047
20210402,po,4894
20210402,sg,8638
20210402,si,219422
20210402,za,5791
20210401,ce,28999
20210401,kk,8664
20210401,kp,9972
20210401,kr,22937
20210401,lj,52568
20210401,mb,32595
20210401,ms,14254
20210401,ng,10651
20210401,nm,16940
20210401,po,4864
20210401,sg,8578
20210401,si,218127
20210401,za,5765
20210331,ce,28815
20210331,kk,8644
20210331,kp,9890
20210331,kr,22849
20210331,lj,52280
20210331,mb,32419
20210331,ms,14196
20210331,ng,10559
20210331,nm,16854
20210331,po,4830
20210331,sg,8542
20210331,si,216958
20210331,za,5745
20210330,ce,28576
20210330,kk,8614
20210330,kp,9822
20210330,kr,22723
20210330,lj,51906
20210330,mb,32251
20210330,ms,14153
20210330,ng,10476
20210330,nm,16758
20210330,po,4808
20210330,sg,8483
20210330,si,215622
20210330,za,5723
20210329,ce,28325
20210329,kk,8583
20210329,kp,9694
20210329,kr,22608
20210329,lj,51501
20210329,mb,32038
20210329,ms,14100
20210329,ng,10357
20210329,nm,16649
20210329,po,4756
20210329,sg,8449
20210329,si,214051
20210329,za,5672
20210328,ce,28103
20210328,kk,8556
20210328,kp,9606
20210328,kr,22510
20210328,lj,51279
20210328,mb,31901
20210328,ms,14073
20210328,ng,10275
20210328,nm,16573
20210328,po,4721
20210328,sg,8402
20210328,si,212969
20210328,za,5655
20210327,ce,28093
20210327,kk,8549
20210327,kp,9606
20210327,kr,22486
20210327,lj,51199
20210327,mb,31810
20210327,ms,14058
20210327,ng,10264
20210327,nm,16551
20210327,po,4720
20210327,sg,8389
20210327,si,212681
20210327,za,5645
20210326,ce,28042
20210326,kk,8541
20210326,kp,9601
20210326,kr,22441
20210326,lj,50952
20210326,mb,31696
20210326,ms,14025
20210326,ng,10203
20210326,nm,16513
20210326,po,4720
20210326,sg,8373
20210326,si,212040
20210326,za,5625
20210325,ce,27849
20210325,kk,8515
20210325,kp,9520
20210325,kr,22338
20210325,lj,50608
20210325,mb,31524
20210325,ms,14005
20210325,ng,10088
20210325,nm,16427
20210325,po,4680
20210325,sg,8328
20210325,si,210788
20210325,za,5606
20210324,ce,27696
20210324,kk,8495
20210324,kp,9464
20210324,kr,22267
20210324,lj,50325
20210324,mb,31343
20210324,ms,13971
20210324,ng,10004
20210324,nm,16366
20210324,po,4646
20210324,sg,8307
20210324,si,209752
20210324,za,5573
20210323,ce,27545
20210323,kk,8481
20210323,kp,9397
20210323,kr,22159
20210323,lj,49990
20210323,mb,31213
20210323,ms,13927
20210323,ng,9883
20210323,nm,16288
20210323,po,4619
20210323,sg,8259
20210323,si,208589
20210323,za,5543
20210322,ce,27339
20210322,kk,8453
20210322,kp,9285
20210322,kr,22039
20210322,lj,49671
20210322,mb,31081
20210322,ms,13864
20210322,ng,9793
20210322,nm,16196
20210322,po,4585
20210322,sg,8220
20210322,si,207303
20210322,za,5498
20210321,ce,27164
20210321,kk,8428
20210321,kp,9212
20210321,kr,21963
20210321,lj,49459
20210321,mb,30929
20210321,ms,13824
20210321,ng,9718
20210321,nm,16138
20210321,po,4558
20210321,sg,8184
20210321,si,206321
20210321,za,5470
20210320,ce,27155
20210320,kk,8427
20210320,kp,9209
20210320,kr,21936
20210320,lj,49386
20210320,mb,30846
20210320,ms,13793
20210320,ng,9708
20210320,nm,16121
20210320,po,4557
20210320,sg,8157
20210320,si,206031
20210320,za,5463
20210319,ce,27099
20210319,kk,8404
20210319,kp,9205
20210319,kr,21888
20210319,lj,49234
20210319,mb,30763
20210319,ms,13767
20210319,ng,9653
20210319,nm,16103
20210319,po,4548
20210319,sg,8129
20210319,si,205514
20210319,za,5449
20210318,ce,26963
20210318,kk,8391
20210318,kp,9144
20210318,kr,21802
20210318,lj,48926
20210318,mb,30615
20210318,ms,13721
20210318,ng,9598
20210318,nm,16036
20210318,po,4531
20210318,sg,8080
20210318,si,204485
20210318,za,5414
20210317,ce,26858
20210317,kk,8383
20210317,kp,9057
20210317,kr,21711
20210317,lj,48692
20210317,mb,30465
20210317,ms,13689
20210317,ng,9521
20210317,nm,15992
20210317,po,4513
20210317,sg,8027
20210317,si,203544
20210317,za,5377
20210316,ce,26704
20210316,kk,8364
20210316,kp,8959
20210316,kr,21604
20210316,lj,48445
20210316,mb,30359
20210316,ms,13647
20210316,ng,9456
20210316,nm,15928
20210316,po,4494
20210316,sg,8003
20210316,si,202571
20210316,za,5357
20210315,ce,26551
20210315,kk,8351
20210315,kp,8856
20210315,kr,21494
20210315,lj,48180
20210315,mb,30226
20210315,ms,13599
20210315,ng,9401
20210315,nm,15867
20210315,po,4465
20210315,sg,7934
20210315,si,201460
20210315,za,5293
20210314,ce,26394
20210314,kk,8333
20210314,kp,8785
20210314,kr,21416
20210314,lj,47960
20210314,mb,30114
20210314,ms,13558
20210314,ng,9330
20210314,nm,15798
20210314,po,4438
20210314,sg,7901
20210314,si,200542
20210314,za,5275
20210313,ce,26383
20210313,kk,8332
20210313,kp,8785
20210313,kr,21400
20210313,lj,47928
20210313,mb,30030
20210313,ms,13540
20210313,ng,9323
20210313,nm,15793
20210313,po,4438
20210313,sg,7883
20210313,si,200337
20210313,za,5265
20210312,ce,26341
20210312,kk,8321
20210312,kp,8781
20210312,kr,21351
20210312,lj,47753
20210312,mb,29942
20210312,ms,13522
20210312,ng,9276
20210312,nm,15777
20210312,po,4437
20210312,sg,7874
20210312,si,199856
20210312,za,5252
20210311,ce,26227
20210311,kk,8306
20210311,kp,8726
20210311,kr,21253
20210311,lj,47551
20210311,mb,29815
20210311,ms,13475
20210311,ng,9218
20210311,nm,15732
20210311,po,4417
20210311,sg,7834
20210311,si,199008
20210311,za,5228
20210310,ce,26152
20210310,kk,8283
20210310,kp,8659
20210310,kr,21166
20210310,lj,47375
20210310,mb,29712
20210310,ms,13441
20210310,ng,9180
20210310,nm,15665
20210310,po,4404
20210310,sg,7795
20210310,si,198237
20210310,za,5182
20210309,ce,26037
20210309,kk,8272
20210309,kp,8609
20210309,kr,21068
20210309,lj,47171
20210309,mb,29612
20210309,ms,13384
20210309,ng,9087
20210309,nm,15622
20210309,po,4381
20210309,sg,7753
20210309,si,197378
20210309,za,5164
20210308,ce,25909
20210308,kk,8250
20210308,kp,8533
20210308,kr,20938
20210308,lj,46926
20210308,mb,29478
20210308,ms,13347
20210308,ng,9036
20210308,nm,15565
20210308,po,4366
20210308,sg,7732
20210308,si,196425
20210308,za,5128
20210307,ce,25792
20210307,kk,8228
20210307,kp,8471
20210307,kr,20850
20210307,lj,46761
20210307,mb,29402
20210307,ms,13312
20210307,ng,8996
20210307,nm,15516
20210307,po,4339
20210307,sg,7683
20210307,si,195683
20210307,za,5117
20210306,ce,25788
20210306,kk,8227
20210306,kp,8471
20210306,kr,20825
20210306,lj,46722
20210306,mb,29311
20210306,ms,13292
20210306,ng,8991
20210306,nm,15503
20210306,po,4339
20210306,sg,7673
20210306,si,195473
20210306,za,5115
20210305,ce,25756
20210305,kk,8220
20210305,kp,8471
20210305,kr,20778
20210305,lj,46583
20210305,mb,29244
20210305,ms,13264
20210305,ng,8971
20210305,nm,15480
20210305,po,4339
20210305,sg,7657
20210305,si,195090
20210305,za,5113
20210304,ce,25647
20210304,kk,8205
20210304,kp,8414
20210304,kr,20681
20210304,lj,46347
20210304,mb,29114
20210304,ms,13230
20210304,ng,8888
20210304,nm,15419
20210304,po,4309
20210304,sg,7617
20210304,si,194167
20210304,za,5085
20210303,ce,25517
20210303,kk,8195
20210303,kp,8329
20210303,kr,20571
20210303,lj,46137
20210303,mb,29012
20210303,ms,13194
20210303,ng,8846
20210303,nm,15354
20210303,po,4290
20210303,sg,7574
20210303,si,193284
20210303,za,5057
20210302,ce,25391
20210302,kk,8180
20210302,kp,8227
20210302,kr,20446
20210302,lj,45862
20210302,mb,28877
20210302,ms,13152
20210302,ng,8781
20210302,nm,15305
20210302,po,4273
20210302,sg,7524
20210302,si,192263
20210302,za,5044
20210301,ce,25255
20210301,kk,8167
20210301,kp,8089
20210301,kr,20309
20210301,lj,45504
20210301,mb,28720
20210301,ms,13111
20210301,ng,8733
20210301,nm,15250
20210301,po,4232
20210301,sg,7485
20210301,si,191053
20210301,za,5000
20210228,ce,25165
20210228,kk,8158
20210228,kp,7995
20210228,kr,20208
20210228,lj,45340
20210228,mb,28644
20210228,ms,13080
20210228,ng,8689
20210228,nm,15222
20210228,po,4215
20210228,sg,7437
20210228,si,190324
20210228,za,4979
20210227,ce,25156
20210227,kk,8157
20210227,kp,7993
20210227,kr,20179
20210227,lj,45267
20210227,mb,28584
20210227,ms,13055
20210227,ng,8682
20210227,nm,15211
20210227,po,4214
20210227,sg,7422
20210227,si,190081
20210227,za,4970
20210226,ce,25114
20210226,kk,8154
20210226,kp,7991
20210226,kr,20122
20210226,lj,45106
20210226,mb,28503
20210226,ms,13034
20210226,ng,8659
20210226,nm,15187
20210226,po,4214
20210226,sg,7402
20210226,si,189627
20210226,za,4952
20210225,ce,24986
20210225,kk,8141
20210225,kp,7909
20210225,kr,20015
20210225,lj,44848
20210225,mb,28370
20210225,ms,12991
20210225,ng,8592
20210225,nm,15139
20210225,po,4189
20210225,sg,7377
20210225,si,188679
20210225,za,4938
20210224,ce,24841
20210224,kk,8138
20210224,kp,7806
20210224,kr,19923
20210224,lj,44596
20210224,mb,28241
20210224,ms,12944
20210224,ng,8563
20210224,nm,15097
20210224,po,4167
20210224,sg,7346
20210224,si,187766
20210224,za,4924
20210223,ce,24731
20210223,kk,8116
20210223,kp,7728
20210223,kr,19829
20210223,lj,44364
20210223,mb,28144
20210223,ms,12913
20210223,ng,8509
20210223,nm,15047
20210223,po,4141
20210223,sg,7318
20210223,si,186910
20210223,za,4895
20210222,ce,24584
20210222,kk,8087
20210222,kp,7580
20210222,kr,19711
20210222,lj,44083
20210222,mb,28013
20210222,ms,12870
20210222,ng,8448
20210222,nm,14995
20210222,po,4110
20210222,sg,7299
20210222,si,185819
20210222,za,4869
20210221,ce,24476
20210221,kk,8069
20210221,kp,7494
20210221,kr,19614
20210221,lj,43853
20210221,mb,27887
20210221,ms,12803
20210221,ng,8411
20210221,nm,14954
20210221,po,4078
20210221,sg,7268
20210221,si,184920
20210221,za,4848
20210220,ce,24459
20210220,kk,8063
20210220,kp,7494
20210220,kr,19591
20210220,lj,43769
20210220,mb,27837
20210220,ms,12767
20210220,ng,8410
20210220,nm,14935
20210220,po,4078
20210220,sg,7266
20210220,si,184672
20210220,za,4840
20210219,ce,24416
20210219,kk,8060
20210219,kp,7491
20210219,kr,19543
20210219,lj,43606
20210219,mb,27766
20210219,ms,12760
20210219,ng,8377
20210219,nm,14911
20210219,po,4077
20210219,sg,7251
20210219,si,184254
20210219,za,4839
20210218,ce,24293
20210218,kk,8035
20210218,kp,7406
20210218,kr,19437
20210218,lj,43323
20210218,mb,27661
20210218,ms,12699
20210218,ng,8348
20210218,nm,14854
20210218,po,4055
20210218,sg,7218
20210218,si,183296
20210218,za,4818
20210217,ce,24208
20210217,kk,8016
20210217,kp,7296
20210217,kr,19321
20210217,lj,43100
20210217,mb,27548
20210217,ms,12630
20210217,ng,8304
20210217,nm,14794
20210217,po,4023
20210217,sg,7198
20210217,si,182388
20210217,za,4805
20210216,ce,24133
20210216,kk,8000
20210216,kp,7211
20210216,kr,19200
20210216,lj,42863
20210216,mb,27411
20210216,ms,12591
20210216,ng,8270
20210216,nm,14738
20210216,po,3994
20210216,sg,7170
20210216,si,181514
20210216,za,4794
20210215,ce,24001
20210215,kk,7979
20210215,kp,7095
20210215,kr,19071
20210215,lj,42558
20210215,mb,27295
20210215,ms,12537
20210215,ng,8227
20210215,nm,14649
20210215,po,3950
20210215,sg,7144
20210215,si,180415
20210215,za,4775
20210214,ce,23917
20210214,kk,7961
20210214,kp,7026
20210214,kr,18978
20210214,lj,42376
20210214,mb,27222
20210214,ms,12480
20210214,ng,8187
20210214,nm,14593
20210214,po,3915
20210214,sg,7120
20210214,si,179673
20210214,za,4768
20210213,ce,23912
20210213,kk,7959
20210213,kp,7024
20210213,kr,18958
20210213,lj,42281
20210213,mb,27160
20210213,ms,12468
20210213,ng,8182
20210213,nm,14585
20210213,po,3914
20210213,sg,7102
20210213,si,179429
20210213,za,4756
20210212,ce,23888
20210212,kk,7957
20210212,kp,7023
20210212,kr,18894
20210212,lj,42156
20210212,mb,27094
20210212,ms,12426
20210212,ng,8166
20210212,nm,14556
20210212,po,3912
20210212,sg,7094
20210212,si,179045
20210212,za,4753
20210211,ce,23786
20210211,kk,7919
20210211,kp,6913
20210211,kr,18799
20210211,lj,41912
20210211,mb,26938
20210211,ms,12400
20210211,ng,8105
20210211,nm,14492
20210211,po,3874
20210211,sg,7067
20210211,si,178059
20210211,za,4730
20210210,ce,23673
20210210,kk,7891
20210210,kp,6831
20210210,kr,18682
20210210,lj,41615
20210210,mb,26815
20210210,ms,12340
20210210,ng,8062
20210210,nm,14416
20210210,po,3843
20210210,sg,7024
20210210,si,177013
20210210,za,4707
20210209,ce,23525
20210209,kk,7829
20210209,kp,6692
20210209,kr,18567
20210209,lj,41281
20210209,mb,26627
20210209,ms,12288
20210209,ng,7980
20210209,nm,14300
20210209,po,3794
20210209,sg,7005
20210209,si,175677
20210209,za,4682
20210208,ce,23347
20210208,kk,7777
20210208,kp,6631
20210208,kr,18422
20210208,lj,40909
20210208,mb,26474
20210208,ms,12197
20210208,ng,7915
20210208,nm,14184
20210208,po,3755
20210208,sg,6962
20210208,si,174311
20210208,za,4638
20210207,ce,23330
20210207,kk,7734
20210207,kp,6624
20210207,kr,18392
20210207,lj,40836
20210207,mb,26402
20210207,ms,12170
20210207,ng,7901
20210207,nm,14164
20210207,po,3745
20210207,sg,6944
20210207,si,173974
20210207,za,4635
20210206,ce,23307
20210206,kk,7724
20210206,kp,6619
20210206,kr,18372
20210206,lj,40748
20210206,mb,26330
20210206,ms,12138
20210206,ng,7892
20210206,nm,14148
20210206,po,3744
20210206,sg,6925
20210206,si,173666
20210206,za,4628
20210205,ce,23280
20210205,kk,7713
20210205,kp,6596
20210205,kr,18311
20210205,lj,40601
20210205,mb,26214
20210205,ms,12096
20210205,ng,7878
20210205,nm,14117
20210205,po,3742
20210205,sg,6909
20210205,si,173170
20210205,za,4626
20210204,ce,23156
20210204,kk,7666
20210204,kp,6529
20210204,kr,18202
20210204,lj,40357
20210204,mb,26105
20210204,ms,12038
20210204,ng,7816
20210204,nm,14045
20210204,po,3706
20210204,sg,6889
20210204,si,172189
20210204,za,4603
20210203,ce,23060
20210203,kk,7630
20210203,kp,6464
20210203,kr,18092
20210203,lj,40106
20210203,mb,25952
20210203,ms,12007
20210203,ng,7771
20210203,nm,13967
20210203,po,3674
20210203,sg,6859
20210203,si,171229
20210203,za,4578
20210202,ce,22951
20210202,kk,7596
20210202,kp,6382
20210202,kr,17954
20210202,lj,39771
20210202,mb,25778
20210202,ms,11927
20210202,ng,7677
20210202,nm,13868
20210202,po,3632
20210202,sg,6813
20210202,si,169962
20210202,za,4548
20210201,ce,22769
20210201,kk,7521
20210201,kp,6269
20210201,kr,17771
20210201,lj,39390
20210201,mb,25575
20210201,ms,11854
20210201,ng,7585
20210201,nm,13735
20210201,po,3587
20210201,sg,6771
20210201,si,168402
20210201,za,4522
20210131,ce,22570
20210131,kk,7428
20210131,kp,6173
20210131,kr,17614
20210131,lj,38975
20210131,mb,25431
20210131,ms,11801
20210131,ng,7519
20210131,nm,13606
20210131,po,3535
20210131,sg,6704
20210131,si,166886
20210131,za,4481
20210130,ce,22546
20210130,kk,7413
20210130,kp,6173
20210130,kr,17588
20210130,lj,38893
20210130,mb,25316
20210130,ms,11766
20210130,ng,7506
20210130,nm,13588
20210130,po,3533
20210130,sg,6690
20210130,si,166538
20210130,za,4477
20210129,ce,22499
20210129,kk,7390
20210129,kp,6167
20210129,kr,17544
20210129,lj,38745
20210129,mb,25119
20210129,ms,11750
20210129,ng,7457
20210129,nm,13565
20210129,po,3531
20210129,sg,6663
20210129,si,165950
20210129,za,4476
20210128,ce,22378
20210128,kk,7308
20210128,kp,6075
20210128,kr,17409
20210128,lj,38431
20210128,mb,24955
20210128,ms,11646
20210128,ng,7399
20210128,nm,13442
20210128,po,3489
20210128,sg,6631
20210128,si,164648
20210128,za,4445
20210127,ce,22233
20210127,kk,7262
20210127,kp,5987
20210127,kr,17292
20210127,lj,38122
20210127,mb,24751
20210127,ms,11563
20210127,ng,7309
20210127,nm,13330
20210127,po,3459
20210127,sg,6594
20210127,si,163343
20210127,za,4405
20210126,ce,22063
20210126,kk,7195
20210126,kp,5891
20210126,kr,17158
20210126,lj,37758
20210126,mb,24510
20210126,ms,11472
20210126,ng,7178
20210126,nm,13197
20210126,po,3422
20210126,sg,6563
20210126,si,161804
20210126,za,4370
20210125,ce,21851
20210125,kk,7100
20210125,kp,5770
20210125,kr,16963
20210125,lj,37256
20210125,mb,24344
20210125,ms,11361
20210125,ng,7039
20210125,nm,13035
20210125,po,3383
20210125,sg,6525
20210125,si,159929
20210125,za,4308
20210124,ce,21587
20210124,kk,7001
20210124,kp,5640
20210124,kr,16797
20210124,lj,36938
20210124,mb,24108
20210124,ms,11293
20210124,ng,6910
20210124,nm,12908
20210124,po,3345
20210124,sg,6484
20210124,si,158250
20210124,za,4251
20210123,ce,21568
20210123,kk,6996
20210123,kp,5632
20210123,kr,16770
20210123,lj,36843
20210123,mb,24042
20210123,ms,11274
20210123,ng,6892
20210123,nm,12889
20210123,po,3343
20210123,sg,6472
20210123,si,157953
20210123,za,4245
20210122,ce,21523
20210122,kk,6980
20210122,kp,5621
20210122,kr,16717
20210122,lj,36712
20210122,mb,23928
20210122,ms,11216
20210122,ng,6850
20210122,nm,12848
20210122,po,3342
20210122,sg,6452
20210122,si,157412
20210122,za,4238
20210121,ce,21348
20210121,kk,6905
20210121,kp,5517
20210121,kr,16564
20210121,lj,36370
20210121,mb,23719
20210121,ms,11130
20210121,ng,6736
20210121,nm,12713
20210121,po,3294
20210121,sg,6431
20210121,si,155893
20210121,za,4191
20210120,ce,21186
20210120,kk,6852
20210120,kp,5405
20210120,kr,16455
20210120,lj,36080
20210120,mb,23518
20210120,ms,11058
20210120,ng,6581
20210120,nm,12572
20210120,po,3248
20210120,sg,6395
20210120,si,154436
20210120,za,4116
20210119,ce,21005
20210119,kk,6759
20210119,kp,5320
20210119,kr,16336
20210119,lj,35732
20210119,mb,23329
20210119,ms,10948
20210119,ng,6473
20210119,nm,12437
20210119,po,3222
20210119,sg,6376
20210119,si,152980
20210119,za,4078
20210118,ce,20806
20210118,kk,6676
20210118,kp,5203
20210118,kr,16163
20210118,lj,35348
20210118,mb,23100
20210118,ms,10845
20210118,ng,6330
20210118,nm,12313
20210118,po,3165
20210118,sg,6336
20210118,si,151263
20210118,za,4019
20210117,ce,20546
20210117,kk,6565
20210117,kp,5099
20210117,kr,16016
20210117,lj,34942
20210117,mb,22920
20210117,ms,10757
20210117,ng,6229
20210117,nm,12173
20210117,po,3115
20210117,sg,6293
20210117,si,149557
20210117,za,3948
20210116,ce,20537
20210116,kk,6554
20210116,kp,5090
20210116,kr,15985
20210116,lj,34870
20210116,mb,22841
20210116,ms,10730
20210116,ng,6211
20210116,nm,12149
20210116,po,3114
20210116,sg,6281
20210116,si,149257
20210116,za,3942
20210115,ce,20487
20210115,kk,6530
20210115,kp,5084
20210115,kr,15942
20210115,lj,34710
20210115,mb,22740
20210115,ms,10680
20210115,ng,6142
20210115,nm,12099
20210115,po,3114
20210115,sg,6274
20210115,si,148683
20210115,za,3935
20210114,ce,20310
20210114,kk,6446
20210114,kp,5013
20210114,kr,15801
20210114,lj,34402
20210114,mb,22527
20210114,ms,10599
20210114,ng,6066
20210114,nm,11967
20210114,po,3064
20210114,sg,6220
20210114,si,147134
20210114,za,3903
20210113,ce,20105
20210113,kk,6366
20210113,kp,4944
20210113,kr,15665
20210113,lj,34031
20210113,mb,22309
20210113,ms,10540
20210113,ng,5952
20210113,nm,11858
20210113,po,3020
20210113,sg,6177
20210113,si,145635
20210113,za,3863
20210112,ce,19880
20210112,kk,6272
20210112,kp,4862
20210112,kr,15501
20210112,lj,33552
20210112,mb,22028
20210112,ms,10425
20210112,ng,5859
20210112,nm,11735
20210112,po,2980
20210112,sg,6127
20210112,si,143828
20210112,za,3823
20210111,ce,19577
20210111,kk,6178
20210111,kp,4760
20210111,kr,15294
20210111,lj,33068
20210111,mb,21785
20210111,ms,10290
20210111,ng,5686
20210111,nm,11539
20210111,po,2946
20210111,sg,6051
20210111,si,141724
20210111,za,3778
20210110,ce,19273
20210110,kk,6073
20210110,kp,4666
20210110,kr,15125
20210110,lj,32744
20210110,mb,21482
20210110,ms,10182
20210110,ng,5554
20210110,nm,11393
20210110,po,2883
20210110,sg,5998
20210110,si,139815
20210110,za,3711
20210109,ce,19251
20210109,kk,6055
20210109,kp,4664
20210109,kr,15103
20210109,lj,32651
20210109,mb,21367
20210109,ms,10131
20210109,ng,5527
20210109,nm,11373
20210109,po,2883
20210109,sg,5965
20210109,si,139389
20210109,za,3697
20210108,ce,19166
20210108,kk,6013
20210108,kp,4658
20210108,kr,15034
20210108,lj,32504
20210108,mb,21237
20210108,ms,10070
20210108,ng,5412
20210108,nm,11304
20210108,po,2880
20210108,sg,5939
20210108,si,138626
20210108,za,3693
20210107,ce,18896
20210107,kk,5889
20210107,kp,4575
20210107,kr,14879
20210107,lj,32052
20210107,mb,20991
20210107,ms,9988
20210107,ng,5282
20210107,nm,11157
20210107,po,2830
20210107,sg,5878
20210107,si,136766
20210107,za,3642
20210106,ce,18652
20210106,kk,5774
20210106,kp,4477
20210106,kr,14712
20210106,lj,31609
20210106,mb,20648
20210106,ms,9859
20210106,ng,5103
20210106,nm,11003
20210106,po,2784
20210106,sg,5780
20210106,si,134685
20210106,za,3589
20210105,ce,18178
20210105,kk,5621
20210105,kp,4333
20210105,kr,14512
20210105,lj,31040
20210105,mb,20328
20210105,ms,9684
20210105,ng,4947
20210105,nm,10803
20210105,po,2716
20210105,sg,5647
20210105,si,131988
20210105,za,3494
20210104,ce,17686
20210104,kk,5365
20210104,kp,4166
20210104,kr,14225
20210104,lj,30246
20210104,mb,19967
20210104,ms,9464
20210104,ng,4796
20210104,nm,10451
20210104,po,2657
20210104,sg,5484
20210104,si,128560
20210104,za,3388
20210103,ce,17315
20210103,kk,5147
20210103,kp,4055
20210103,kr,13997
20210103,lj,29719
20210103,mb,19625
20210103,ms,9349
20210103,ng,4657
20210103,nm,10133
20210103,po,2590
20210103,sg,5414
20210103,si,125960
20210103,za,3308
20210102,ce,17259
20210102,kk,5059
20210102,kp,4045
20210102,kr,13941
20210102,lj,29509
20210102,mb,19515
20210102,ms,9260
20210102,ng,4629
20210102,nm,10066
20210102,po,2588
20210102,sg,5383
20210102,si,125194
20210102,za,3292
20210101,ce,17154
20210101,kk,4990
20210101,kp,4041
20210101,kr,13861
20210101,lj,29398
20210101,mb,19418
20210101,ms,9170
20210101,ng,4567
20210101,nm,9995
20210101,po,2586
20210101,sg,5335
20210101,si,124433
20210101,za,3278
20201231,ce,17102
20201231,kk,4972
20201231,kp,4031
20201231,kr,13825
20201231,lj,29287
20201231,mb,19337
20201231,ms,9132
20201231,ng,4557
20201231,nm,9978
20201231,po,2586
20201231,sg,5319
20201231,si,124035
20201231,za,3271
20201230,ce,16862
20201230,kk,4836
20201230,kp,3978
20201230,kr,13720
20201230,lj,28941
20201230,mb,19054
20201230,ms,8988
20201230,ng,4447
20201230,nm,9791
20201230,po,2566
20201230,sg,5230
20201230,si,122263
20201230,za,3223
20201229,ce,16452
20201229,kk,4716
20201229,kp,3881
20201229,kr,13508
20201229,lj,28413
20201229,mb,18748
20201229,ms,8854
20201229,ng,4317
20201229,nm,9539
20201229,po,2551
20201229,sg,5100
20201229,si,119834
20201229,za,3137
20201228,ce,16177
20201228,kk,4570
20201228,kp,3725
20201228,kr,13335
20201228,lj,27928
20201228,mb,18413
20201228,ms,8669
20201228,ng,4229
20201228,nm,9265
20201228,po,2470
20201228,sg,4976
20201228,si,117404
20201228,za,3041
20201227,ce,15920
20201227,kk,4407
20201227,kp,3588
20201227,kr,13164
20201227,lj,27467
20201227,mb,18147
20201227,ms,8588
20201227,ng,4167
20201227,nm,9060
20201227,po,2393
20201227,sg,4926
20201227,si,115412
20201227,za,2990
20201226,ce,15899
20201226,kk,4391
20201226,kp,3585
20201226,kr,13137
20201226,lj,27320
20201226,mb,17995
20201226,ms,8495
20201226,ng,4159
20201226,nm,9027
20201226,po,2389
20201226,sg,4908
20201226,si,114879
20201226,za,2981
20201225,ce,15816
20201225,kk,4336
20201225,kp,3578
20201225,kr,13091
20201225,lj,27177
20201225,mb,17920
20201225,ms,8466
20201225,ng,4118
20201225,nm,8965
20201225,po,2386
20201225,sg,4845
20201225,si,114256
20201225,za,2968
20201224,ce,15797
20201224,kk,4325
20201224,kp,3574
20201224,kr,13055
20201224,lj,27075
20201224,mb,17845
20201224,ms,8403
20201224,ng,4109
20201224,nm,8941
20201224,po,2383
20201224,sg,4828
20201224,si,113887
20201224,za,2965
20201223,ce,15560
20201223,kk,4145
20201223,kp,3517
20201223,kr,12931
20201223,lj,26678
20201223,mb,17545
20201223,ms,8296
20201223,ng,4037
20201223,nm,8771
20201223,po,2359
20201223,sg,4746
20201223,si,112075
20201223,za,2910
20201222,ce,15210
20201222,kk,4012
20201222,kp,3453
20201222,kr,12784
20201222,lj,26277
20201222,mb,17167
20201222,ms,8168
20201222,ng,3964
20201222,nm,8560
20201222,po,2326
20201222,sg,4666
20201222,si,110011
20201222,za,2852
20201221,ce,14889
20201221,kk,3876
20201221,kp,3347
20201221,kr,12642
20201221,lj,25873
20201221,mb,16836
20201221,ms,8048
20201221,ng,3872
20201221,nm,8253
20201221,po,2272
20201221,sg,4601
20201221,si,107854
20201221,za,2788
20201220,ce,14655
20201220,kk,3804
20201220,kp,3223
20201220,kr,12531
20201220,lj,25543
20201220,mb,16666
20201220,ms,7936
20201220,ng,3832
20201220,nm,8062
20201220,po,2218
20201220,sg,4541
20201220,si,106303
20201220,za,2743
20201219,ce,14628
20201219,kk,3790
20201219,kp,3221
20201219,kr,12518
20201219,lj,25466
20201219,mb,16549
20201219,ms,7870
20201219,ng,3823
20201219,nm,8025
20201219,po,2214
20201219,sg,4519
20201219,si,105907
20201219,za,2736
20201218,ce,14532
20201218,kk,3732
20201218,kp,3218
20201218,kr,12471
20201218,lj,25264
20201218,mb,16308
20201218,ms,7791
20201218,ng,3812
20201218,nm,7946
20201218,po,2211
20201218,sg,4474
20201218,si,105025
20201218,za,2725
20201217,ce,14329
20201217,kk,3684
20201217,kp,3159
20201217,kr,12369
20201217,lj,24996
20201217,mb,16083
20201217,ms,7678
20201217,ng,3752
20201217,nm,7756
20201217,po,2166
20201217,sg,4426
20201217,si,103595
20201217,za,2665
20201216,ce,14109
20201216,kk,3617
20201216,kp,3097
20201216,kr,12267
20201216,lj,24669
20201216,mb,15749
20201216,ms,7575
20201216,ng,3711
20201216,nm,7612
20201216,po,2144
20201216,sg,4394
20201216,si,102078
20201216,za,2613
20201215,ce,13876
20201215,kk,3493
20201215,kp,3008
20201215,kr,12121
20201215,lj,24338
20201215,mb,15498
20201215,ms,7461
20201215,ng,3658
20201215,nm,7452
20201215,po,2119
20201215,sg,4347
20201215,si,100430
20201215,za,2545
20201214,ce,13484
20201214,kk,3417
20201214,kp,2904
20201214,kr,11941
20201214,lj,24010
20201214,mb,15222
20201214,ms,7297
20201214,ng,3584
20201214,nm,7161
20201214,po,2049
20201214,sg,4247
20201214,si,98318
20201214,za,2493
20201213,ce,13245
20201213,kk,3320
20201213,kp,2830
20201213,kr,11812
20201213,lj,23659
20201213,mb,15036
20201213,ms,7205
20201213,ng,3495
20201213,nm,7022
20201213,po,2012
20201213,sg,4211
20201213,si,96786
20201213,za,2433
20201212,ce,13229
20201212,kk,3306
20201212,kp,2825
20201212,kr,11799
20201212,lj,23575
20201212,mb,14895
20201212,ms,7151
20201212,ng,3491
20201212,nm,6964
20201212,po,2010
20201212,sg,4175
20201212,si,96353
20201212,za,2429
20201211,ce,13093
20201211,kk,3275
20201211,kp,2813
20201211,kr,11709
20201211,lj,23400
20201211,mb,14743
20201211,ms,7067
20201211,ng,3460
20201211,nm,6887
20201211,po,2002
20201211,sg,4144
20201211,si,95519
20201211,za,2424
20201210,ce,12793
20201210,kk,3163
20201210,kp,2736
20201210,kr,11562
20201210,lj,23100
20201210,mb,14427
20201210,ms,6963
20201210,ng,3380
20201210,nm,6722
20201210,po,1957
20201210,sg,4099
20201210,si,93769
20201210,za,2372
20201209,ce,12516
20201209,kk,3037
20201209,kp,2663
20201209,kr,11428
20201209,lj,22767
20201209,mb,14182
20201209,ms,6828
20201209,ng,3299
20201209,nm,6508
20201209,po,1911
20201209,sg,4028
20201209,si,91953
20201209,za,2300
20201208,ce,12119
20201208,kk,2945
20201208,kp,2593
20201208,kr,11305
20201208,lj,22463
20201208,mb,13769
20201208,ms,6706
20201208,ng,3278
20201208,nm,6367
20201208,po,1876
20201208,sg,3929
20201208,si,90101
20201208,za,2272
20201207,ce,11847
20201207,kk,2841
20201207,kp,2494
20201207,kr,11119
20201207,lj,22070
20201207,mb,13482
20201207,ms,6517
20201207,ng,3161
20201207,nm,6077
20201207,po,1811
20201207,sg,3860
20201207,si,87961
20201207,za,2210
20201206,ce,11660
20201206,kk,2700
20201206,kp,2417
20201206,kr,10973
20201206,lj,21664
20201206,mb,13276
20201206,ms,6435
20201206,ng,3094
20201206,nm,5917
20201206,po,1757
20201206,sg,3821
20201206,si,86331
20201206,za,2150
20201205,ce,11600
20201205,kk,2665
20201205,kp,2416
20201205,kr,10950
20201205,lj,21583
20201205,mb,13160
20201205,ms,6366
20201205,ng,3089
20201205,nm,5895
20201205,po,1756
20201205,sg,3764
20201205,si,85851
20201205,za,2145
20201204,ce,11459
20201204,kk,2637
20201204,kp,2411
20201204,kr,10893
20201204,lj,21420
20201204,mb,12904
20201204,ms,6246
20201204,ng,3026
20201204,nm,5812
20201204,po,1737
20201204,sg,3682
20201204,si,84818
20201204,za,2133
20201203,ce,11212
20201203,kk,2557
20201203,kp,2298
20201203,kr,10759
20201203,lj,21154
20201203,mb,12571
20201203,ms,6148
20201203,ng,2948
20201203,nm,5677
20201203,po,1676
20201203,sg,3627
20201203,si,83171
20201203,za,2099
20201202,ce,10988
20201202,kk,2464
20201202,kp,2228
20201202,kr,10637
20201202,lj,20827
20201202,mb,12162
20201202,ms,5992
20201202,ng,2871
20201202,nm,5513
20201202,po,1609
20201202,sg,3578
20201202,si,81385
20201202,za,2075
20201201,ce,10711
20201201,kk,2386
20201201,kp,2148
20201201,kr,10473
20201201,lj,20462
20201201,mb,11903
20201201,ms,5877
20201201,ng,2808
20201201,nm,5357
20201201,po,1547
20201201,sg,3488
20201201,si,79609
20201201,za,2013
20201130,ce,10371
20201130,kk,2218
20201130,kp,2020
20201130,kr,10291
20201130,lj,20013
20201130,mb,11410
20201130,ms,5731
20201130,ng,2696
20201130,nm,5134
20201130,po,1489
20201130,sg,3406
20201130,si,77171
20201130,za,1969
20201129,ce,10184
20201129,kk,2138
20201129,kp,1963
20201129,kr,10163
20201129,lj,19723
20201129,mb,11232
20201129,ms,5652
20201129,ng,2659
20201129,nm,5022
20201129,po,1432
20201129,sg,3359
20201129,si,75872
20201129,za,1927
20201128,ce,10154
20201128,kk,2110
20201128,kp,1960
20201128,kr,10148
20201128,lj,19646
20201128,mb,11122
20201128,ms,5585
20201128,ng,2648
20201128,nm,5006
20201128,po,1408
20201128,sg,3332
20201128,si,75445
20201128,za,1911
20201127,ce,10019
20201127,kk,2070
20201127,kp,1939
20201127,kr,10075
20201127,lj,19494
20201127,mb,10780
20201127,ms,5475
20201127,ng,2612
20201127,nm,4943
20201127,po,1363
20201127,sg,3262
20201127,si,74336
20201127,za,1896
20201126,ce,9751
20201126,kk,2020
20201126,kp,1854
20201126,kr,9951
20201126,lj,19131
20201126,mb,10491
20201126,ms,5361
20201126,ng,2546
20201126,nm,4812
20201126,po,1332
20201126,sg,3220
20201126,si,72735
20201126,za,1865
20201125,ce,9455
20201125,kk,1913
20201125,kp,1784
20201125,kr,9830
20201125,lj,18893
20201125,mb,10235
20201125,ms,5237
20201125,ng,2489
20201125,nm,4633
20201125,po,1276
20201125,sg,3150
20201125,si,71123
20201125,za,1832
20201124,ce,9165
20201124,kk,1847
20201124,kp,1720
20201124,kr,9707
20201124,lj,18452
20201124,mb,9958
20201124,ms,5111
20201124,ng,2417
20201124,nm,4509
20201124,po,1245
20201124,sg,3069
20201124,si,69341
20201124,za,1752
20201123,ce,8784
20201123,kk,1745
20201123,kp,1642
20201123,kr,9525
20201123,lj,18088
20201123,mb,9542
20201123,ms,4949
20201123,ng,2352
20201123,nm,4300
20201123,po,1195
20201123,sg,2912
20201123,si,67106
20201123,za,1696
20201122,ce,8576
20201122,kk,1694
20201122,kp,1599
20201122,kr,9371
20201122,lj,17764
20201122,mb,9398
20201122,ms,4821
20201122,ng,2317
20201122,nm,4206
20201122,po,1174
20201122,sg,2851
20201122,si,65798
20201122,za,1659
20201121,ce,8521
20201121,kk,1681
20201121,kp,1597
20201121,kr,9344
20201121,lj,17689
20201121,mb,9262
20201121,ms,4735
20201121,ng,2312
20201121,nm,4171
20201121,po,1174
20201121,sg,2830
20201121,si,65327
20201121,za,1644
20201120,ce,8365
20201120,kk,1659
20201120,kp,1584
20201120,kr,9261
20201120,lj,17512
20201120,mb,9035
20201120,ms,4623
20201120,ng,2273
20201120,nm,4122
20201120,po,1122
20201120,sg,2745
20201120,si,64302
20201120,za,1639
20201119,ce,8119
20201119,kk,1610
20201119,kp,1534
20201119,kr,9089
20201119,lj,17207
20201119,mb,8696
20201119,ms,4479
20201119,ng,2204
20201119,nm,4003
20201119,po,1113
20201119,sg,2619
20201119,si,62611
20201119,za,1582
20201118,ce,7849
20201118,kk,1537
20201118,kp,1498
20201118,kr,8952
20201118,lj,16869
20201118,mb,8425
20201118,ms,4345
20201118,ng,2135
20201118,nm,3903
20201118,po,1084
20201118,sg,2583
20201118,si,61062
20201118,za,1530
20201117,ce,7513
20201117,kk,1475
20201117,kp,1445
20201117,kr,8766
20201117,lj,16517
20201117,mb,7987
20201117,ms,4174
20201117,ng,2024
20201117,nm,3777
20201117,po,1042
20201117,sg,2444
20201117,si,58994
20201117,za,1482
20201116,ce,7241
20201116,kk,1425
20201116,kp,1367
20201116,kr,8546
20201116,lj,16114
20201116,mb,7635
20201116,ms,3999
20201116,ng,1968
20201116,nm,3587
20201116,po,1012
20201116,sg,2330
20201116,si,56976
20201116,za,1410
20201115,ce,7075
20201115,kk,1376
20201115,kp,1301
20201115,kr,8363
20201115,lj,15772
20201115,mb,7437
20201115,ms,3906
20201115,ng,1919
20201115,nm,3492
20201115,po,974
20201115,sg,2269
20201115,si,55583
20201115,za,1363
20201114,ce,7053
20201114,kk,1363
20201114,kp,1287
20201114,kr,8312
20201114,lj,15689
20201114,mb,7324
20201114,ms,3843
20201114,ng,1911
20201114,nm,3428
20201114,po,969
20201114,sg,2217
20201114,si,55083
20201114,za,1352
20201113,ce,6927
20201113,kk,1355
20201113,kp,1281
20201113,kr,8224
20201113,lj,15496
20201113,mb,7107
20201113,ms,3745
20201113,ng,1827
20201113,nm,3377
20201113,po,966
20201113,sg,2169
20201113,si,54161
20201113,za,1352
20201112,ce,6724
20201112,kk,1292
20201112,kp,1229
20201112,kr,8039
20201112,lj,15119
20201112,mb,6768
20201112,ms,3557
20201112,ng,1782
20201112,nm,3272
20201112,po,921
20201112,sg,2098
20201112,si,52421
20201112,za,1288
20201111,ce,6487
20201111,kk,1263
20201111,kp,1184
20201111,kr,7846
20201111,lj,14790
20201111,mb,6474
20201111,ms,3411
20201111,ng,1728
20201111,nm,3179
20201111,po,895
20201111,sg,2061
20201111,si,50905
20201111,za,1264
20201110,ce,6233
20201110,kk,1214
20201110,kp,1133
20201110,kr,7619
20201110,lj,14332
20201110,mb,6182
20201110,ms,3219
20201110,ng,1680
20201110,nm,3040
20201110,po,833
20201110,sg,1984
20201110,si,48973
20201110,za,1190
20201109,ce,5959
20201109,kk,1178
20201109,kp,1078
20201109,kr,7301
20201109,lj,13777
20201109,mb,5822
20201109,ms,3073
20201109,ng,1537
20201109,nm,2893
20201109,po,793
20201109,sg,1897
20201109,si,46745
20201109,za,1128
20201108,ce,5792
20201108,kk,1146
20201108,kp,1041
20201108,kr,7118
20201108,lj,13513
20201108,mb,5724
20201108,ms,2979
20201108,ng,1518
20201108,nm,2780
20201108,po,769
20201108,sg,1863
20201108,si,45656
20201108,za,1106
20201107,ce,5741
20201107,kk,1136
20201107,kp,1037
20201107,kr,7077
20201107,lj,13447
20201107,mb,5593
20201107,ms,2882
20201107,ng,1508
20201107,nm,2752
20201107,po,768
20201107,sg,1844
20201107,si,45190
20201107,za,1099
20201106,ce,5683
20201106,kk,1121
20201106,kp,1031
20201106,kr,6971
20201106,lj,13191
20201106,mb,5392
20201106,ms,2798
20201106,ng,1485
20201106,nm,2720
20201106,po,765
20201106,sg,1768
20201106,si,44299
20201106,za,1073
20201105,ce,5531
20201105,kk,1081
20201105,kp,985
20201105,kr,6776
20201105,lj,12741
20201105,mb,5175
20201105,ms,2621
20201105,ng,1420
20201105,nm,2617
20201105,po,736
20201105,sg,1699
20201105,si,42686
20201105,za,1014
20201104,ce,5314
20201104,kk,1049
20201104,kp,952
20201104,kr,6574
20201104,lj,12285
20201104,mb,4934
20201104,ms,2475
20201104,ng,1368
20201104,nm,2511
20201104,po,718
20201104,sg,1660
20201104,si,41119
20201104,za,994
20201103,ce,5138
20201103,kk,1015
20201103,kp,905
20201103,kr,6328
20201103,lj,11842
20201103,mb,4673
20201103,ms,2293
20201103,ng,1265
20201103,nm,2451
20201103,po,683
20201103,sg,1599
20201103,si,39428
20201103,za,959
20201102,ce,4815
20201102,kk,971
20201102,kp,848
20201102,kr,6037
20201102,lj,11323
20201102,mb,4384
20201102,ms,2114
20201102,ng,1186
20201102,nm,2327
20201102,po,652
20201102,sg,1548
20201102,si,37396
20201102,za,920
20201101,ce,4673
20201101,kk,942
20201101,kp,811
20201101,kr,5810
20201101,lj,10986
20201101,mb,4263
20201101,ms,2045
20201101,ng,1167
20201101,nm,2237
20201101,po,620
20201101,sg,1511
20201101,si,36219
20201101,za,893
20201031,ce,4627
20201031,kk,929
20201031,kp,810
20201031,kr,5759
20201031,lj,10841
20201031,mb,4109
20201031,ms,1961
20201031,ng,1158
20201031,nm,2213
20201031,po,620
20201031,sg,1486
20201031,si,35662
20201031,za,888
20201030,ce,4504
20201030,kk,914
20201030,kp,790
20201030,kr,5598
20201030,lj,10418
20201030,mb,3841
20201030,ms,1859
20201030,ng,1091
20201030,nm,2167
20201030,po,597
20201030,sg,1419
20201030,si,34315
20201030,za,862
20201029,ce,4303
20201029,kk,881
20201029,kp,755
20201029,kr,5278
20201029,lj,9933
20201029,mb,3553
20201029,ms,1764
20201029,ng,949
20201029,nm,2085
20201029,po,581
20201029,sg,1344
20201029,si,32518
20201029,za,842
20201028,ce,4017
20201028,kk,842
20201028,kp,734
20201028,kr,4963
20201028,lj,9333
20201028,mb,3370
20201028,ms,1681
20201028,ng,915
20201028,nm,1984
20201028,po,557
20201028,sg,1279
20201028,si,30718
20201028,za,805
20201027,ce,3699
20201027,kk,806
20201027,kp,656
20201027,kr,4467
20201027,lj,8531
20201027,mb,3118
20201027,ms,1546
20201027,ng,840
20201027,nm,1859
20201027,po,522
20201027,sg,1190
20201027,si,28226
20201027,za,762
20201026,ce,3307
20201026,kk,739
20201026,kp,556
20201026,kr,4031
20201026,lj,7790
20201026,mb,2901
20201026,ms,1362
20201026,ng,764
20201026,nm,1638
20201026,po,481
20201026,sg,1107
20201026,si,25615
20201026,za,714
20201025,ce,3132
20201025,kk,702
20201025,kp,506
20201025,kr,3786
20201025,lj,7362
20201025,mb,2709
20201025,ms,1271
20201025,ng,723
20201025,nm,1535
20201025,po,465
20201025,sg,1034
20201025,si,24113
20201025,za,669
20201024,ce,3047
20201024,kk,678
20201024,kp,501
20201024,kr,3502
20201024,lj,6999
20201024,mb,2567
20201024,ms,1199
20201024,ng,681
20201024,nm,1493
20201024,po,463
20201024,sg,998
20201024,si,22995
20201024,za,651
20201023,ce,2840
20201023,kk,637
20201023,kp,435
20201023,kr,3165
20201023,lj,6549
20201023,mb,2379
20201023,ms,1091
20201023,ng,626
20201023,nm,1403
20201023,po,421
20201023,sg,944
20201023,si,21293
20201023,za,595
20201022,ce,2548
20201022,kk,584
20201022,kp,419
20201022,kr,2762
20201022,lj,5959
20201022,mb,2141
20201022,ms,1007
20201022,ng,575
20201022,nm,1299
20201022,po,390
20201022,sg,886
20201022,si,19324
20201022,za,551
20201021,ce,2263
20201021,kk,537
20201021,kp,359
20201021,kr,2477
20201021,lj,5506
20201021,mb,1956
20201021,ms,923
20201021,ng,517
20201021,nm,1211
20201021,po,378
20201021,sg,821
20201021,si,17663
20201021,za,517
20201020,ce,2061
20201020,kk,496
20201020,kp,305
20201020,kr,2206
20201020,lj,4975
20201020,mb,1784
20201020,ms,806
20201020,ng,465
20201020,nm,1120
20201020,po,338
20201020,sg,753
20201020,si,15993
20201020,za,491
20201019,ce,1861
20201019,kk,454
20201019,kp,265
20201019,kr,1918
20201019,lj,4559
20201019,mb,1631
20201019,ms,727
20201019,ng,421
20201019,nm,1000
20201019,po,319
20201019,sg,689
20201019,si,14488
20201019,za,454
20201018,ce,1791
20201018,kk,426
20201018,kp,247
20201018,kr,1750
20201018,lj,4349
20201018,mb,1539
20201018,ms,681
20201018,ng,403
20201018,nm,932
20201018,po,301
20201018,sg,648
20201018,si,13686
20201018,za,431
20201017,ce,1752
20201017,kk,416
20201017,kp,245
20201017,kr,1680
20201017,lj,4145
20201017,mb,1466
20201017,ms,649
20201017,ng,387
20201017,nm,898
20201017,po,300
20201017,sg,602
20201017,si,13149
20201017,za,426
20201016,ce,1697
20201016,kk,361
20201016,kp,233
20201016,kr,1553
20201016,lj,3891
20201016,mb,1407
20201016,ms,611
20201016,ng,364
20201016,nm,861
20201016,po,293
20201016,sg,572
20201016,si,12422
20201016,za,406
20201015,ce,1577
20201015,kk,312
20201015,kp,216
20201015,kr,1392
20201015,lj,3648
20201015,mb,1313
20201015,ms,587
20201015,ng,326
20201015,nm,784
20201015,po,282
20201015,sg,536
20201015,si,11524
20201015,za,382
20201014,ce,1501
20201014,kk,265
20201014,kp,205
20201014,kr,1222
20201014,lj,3387
20201014,mb,1241
20201014,ms,564
20201014,ng,305
20201014,nm,703
20201014,po,273
20201014,sg,499
20201014,si,10688
20201014,za,365
20201013,ce,1406
20201013,kk,235
20201013,kp,191
20201013,kr,1105
20201013,lj,3156
20201013,mb,1171
20201013,ms,538
20201013,ng,284
20201013,nm,626
20201013,po,264
20201013,sg,472
20201013,si,9940
20201013,za,343
20201012,ce,1352
20201012,kk,210
20201012,kp,180
20201012,kr,955
20201012,lj,2932
20201012,mb,1130
20201012,ms,500
20201012,ng,252
20201012,nm,554
20201012,po,250
20201012,sg,451
20201012,si,9233
20201012,za,320
20201011,ce,1298
20201011,kk,202
20201011,kp,177
20201011,kr,897
20201011,lj,2800
20201011,mb,1084
20201011,ms,486
20201011,ng,241
20201011,nm,521
20201011,po,242
20201011,sg,437
20201011,si,8834
20201011,za,317
20201010,ce,1287
20201010,kk,195
20201010,kp,177
20201010,kr,881
20201010,lj,2742
20201010,mb,1047
20201010,ms,482
20201010,ng,238
20201010,nm,508
20201010,po,241
20201010,sg,424
20201010,si,8665
20201010,za,313
20201009,ce,1261
20201009,kk,158
20201009,kp,175
20201009,kr,798
20201009,lj,2606
20201009,mb,1020
20201009,ms,463
20201009,ng,210
20201009,nm,496
20201009,po,238
20201009,sg,405
20201009,si,8254
20201009,za,300
20201008,ce,1230
20201008,kk,145
20201008,kp,165
20201008,kr,742
20201008,lj,2462
20201008,mb,973
20201008,ms,451
20201008,ng,204
20201008,nm,472
20201008,po,235
20201008,sg,385
20201008,si,7874
20201008,za,290
20201007,ce,1176
20201007,kk,135
20201007,kp,161
20201007,kr,691
20201007,lj,2326
20201007,mb,941
20201007,ms,435
20201007,ng,196
20201007,nm,450
20201007,po,232
20201007,sg,369
20201007,si,7511
20201007,za,282
20201006,ce,1135
20201006,kk,128
20201006,kp,153
20201006,kr,637
20201006,lj,2173
20201006,mb,912
20201006,ms,426
20201006,ng,179
20201006,nm,411
20201006,po,222
20201006,sg,356
20201006,si,7123
20201006,za,277
20201005,ce,1089
20201005,kk,119
20201005,kp,148
20201005,kr,589
20201005,lj,2061
20201005,mb,868
20201005,ms,415
20201005,ng,171
20201005,nm,381
20201005,po,208
20201005,sg,346
20201005,si,6766
20201005,za,260
20201004,ce,1062
20201004,kk,113
20201004,kp,143
20201004,kr,550
20201004,lj,2006
20201004,mb,843
20201004,ms,407
20201004,ng,166
20201004,nm,377
20201004,po,207
20201004,sg,336
20201004,si,6576
20201004,za,257
20201003,ce,1056
20201003,kk,110
20201003,kp,142
20201003,kr,539
20201003,lj,1987
20201003,mb,824
20201003,ms,400
20201003,ng,160
20201003,nm,376
20201003,po,207
20201003,sg,334
20201003,si,6501
20201003,za,257
20201002,ce,1038
20201002,kk,108
20201002,kp,141
20201002,kr,516
20201002,lj,1940
20201002,mb,802
20201002,ms,394
20201002,ng,154
20201002,nm,363
20201002,po,207
20201002,sg,310
20201002,si,6333
20201002,za,252
20201001,ce,1006
20201001,kk,104
20201001,kp,131
20201001,kr,483
20201001,lj,1879
20201001,mb,767
20201001,ms,380
20201001,ng,147
20201001,nm,353
20201001,po,207
20201001,sg,301
20201001,si,6105
20201001,za,242
20200930,ce,973
20200930,kk,101
20200930,kp,127
20200930,kr,461
20200930,lj,1790
20200930,mb,736
20200930,ms,365
20200930,ng,143
20200930,nm,343
20200930,po,206
20200930,sg,288
20200930,si,5866
20200930,za,232
20200929,ce,952
20200929,kk,97
20200929,kp,125
20200929,kr,445
20200929,lj,1737
20200929,mb,703
20200929,ms,353
20200929,ng,140
20200929,nm,332
20200929,po,204
20200929,sg,280
20200929,si,5691
20200929,za,224
20200928,ce,926
20200928,kk,95
20200928,kp,125
20200928,kr,410
20200928,lj,1663
20200928,mb,680
20200928,ms,346
20200928,ng,136
20200928,nm,328
20200928,po,204
20200928,sg,268
20200928,si,5489
20200928,za,209
20200927,ce,905
20200927,kk,92
20200927,kp,122
20200927,kr,396
20200927,lj,1645
20200927,mb,676
20200927,ms,343
20200927,ng,129
20200927,nm,324
20200927,po,201
20200927,sg,253
20200927,si,5390
20200927,za,205
20200926,ce,901
20200926,kk,92
20200926,kp,122
20200926,kr,394
20200926,lj,1632
20200926,mb,671
20200926,ms,337
20200926,ng,129
20200926,nm,321
20200926,po,201
20200926,sg,250
20200926,si,5351
20200926,za,203
20200925,ce,885
20200925,kk,91
20200925,kp,121
20200925,kr,378
20200925,lj,1596
20200925,mb,623
20200925,ms,331
20200925,ng,123
20200925,nm,320
20200925,po,201
20200925,sg,232
20200925,si,5193
20200925,za,195
20200924,ce,865
20200924,kk,88
20200924,kp,114
20200924,kr,355
20200924,lj,1531
20200924,mb,593
20200924,ms,327
20200924,ng,121
20200924,nm,315
20200924,po,198
20200924,sg,216
20200924,si,5009
20200924,za,190
20200923,ce,834
20200923,kk,84
20200923,kp,108
20200923,kr,343
20200923,lj,1452
20200923,mb,577
20200923,ms,320
20200923,ng,116
20200923,nm,312
20200923,po,192
20200923,sg,201
20200923,si,4816
20200923,za,184
20200922,ce,816
20200922,kk,82
20200922,kp,108
20200922,kr,334
20200922,lj,1409
20200922,mb,562
20200922,ms,315
20200922,ng,115
20200922,nm,310
20200922,po,186
20200922,sg,188
20200922,si,4695
20200922,za,178
20200921,ce,793
20200921,kk,79
20200921,kp,105
20200921,kr,317
20200921,lj,1377
20200921,mb,539
20200921,ms,315
20200921,ng,113
20200921,nm,307
20200921,po,186
20200921,sg,170
20200921,si,4559
20200921,za,168
20200920,ce,780
20200920,kk,79
20200920,kp,102
20200920,kr,309
20200920,lj,1340
20200920,mb,527
20200920,ms,314
20200920,ng,113
20200920,nm,306
20200920,po,180
20200920,sg,166
20200920,si,4471
20200920,za,167
20200919,ce,763
20200919,kk,79
20200919,kp,102
20200919,kr,309
20200919,lj,1332
20200919,mb,510
20200919,ms,313
20200919,ng,113
20200919,nm,305
20200919,po,180
20200919,sg,160
20200919,si,4421
20200919,za,167
20200918,ce,757
20200918,kk,76
20200918,kp,101
20200918,kr,305
20200918,lj,1294
20200918,mb,495
20200918,ms,311
20200918,ng,108
20200918,nm,303
20200918,po,152
20200918,sg,157
20200918,si,4310
20200918,za,166
20200917,ce,742
20200917,kk,76
20200917,kp,99
20200917,kr,299
20200917,lj,1247
20200917,mb,474
20200917,ms,307
20200917,ng,108
20200917,nm,301
20200917,po,145
20200917,sg,153
20200917,si,4197
20200917,za,162
20200916,ce,724
20200916,kk,75
20200916,kp,99
20200916,kr,284
20200916,lj,1191
20200916,mb,457
20200916,ms,301
20200916,ng,105
20200916,nm,297
20200916,po,137
20200916,sg,149
20200916,si,4060
20200916,za,158
20200915,ce,706
20200915,kk,74
20200915,kp,96
20200915,kr,273
20200915,lj,1152
20200915,mb,441
20200915,ms,299
20200915,ng,103
20200915,nm,293
20200915,po,135
20200915,sg,146
20200915,si,3956
20200915,za,156
20200914,ce,676
20200914,kk,73
20200914,kp,95
20200914,kr,261
20200914,lj,1118
20200914,mb,421
20200914,ms,295
20200914,ng,99
20200914,nm,293
20200914,po,127
20200914,sg,141
20200914,si,3833
20200914,za,153
20200913,ce,666
20200913,kk,73
20200913,kp,93
20200913,kr,256
20200913,lj,1091
20200913,mb,402
20200913,ms,289
20200913,ng,96
20200913,nm,291
20200913,po,118
20200913,sg,141
20200913,si,3750
20200913,za,153
20200912,ce,656
20200912,kk,73
20200912,kp,93
20200912,kr,252
20200912,lj,1072
20200912,mb,390
20200912,ms,289
20200912,ng,96
20200912,nm,291
20200912,po,118
20200912,sg,140
20200912,si,3703
20200912,za,153
20200911,ce,635
20200911,kk,73
20200911,kp,93
20200911,kr,243
20200911,lj,1052
20200911,mb,363
20200911,ms,285
20200911,ng,95
20200911,nm,291
20200911,po,106
20200911,sg,139
20200911,si,3604
20200911,za,152
20200910,ce,614
20200910,kk,72
20200910,kp,91
20200910,kr,235
20200910,lj,1016
20200910,mb,349
20200910,ms,280
20200910,ng,93
20200910,nm,285
20200910,po,102
20200910,sg,138
20200910,si,3499
20200910,za,149
20200909,ce,601
20200909,kk,70
20200909,kp,90
20200909,kr,230
20200909,lj,978
20200909,mb,323
20200909,ms,276
20200909,ng,91
20200909,nm,282
20200909,po,98
20200909,sg,134
20200909,si,3391
20200909,za,147
20200908,ce,591
20200908,kk,70
20200908,kp,89
20200908,kr,223
20200908,lj,953
20200908,mb,304
20200908,ms,273
20200908,ng,89
20200908,nm,276
20200908,po,96
20200908,sg,132
20200908,si,3313
20200908,za,147
20200907,ce,573
20200907,kk,69
20200907,kp,88
20200907,kr,218
20200907,lj,936
20200907,mb,285
20200907,ms,270
20200907,ng,89
20200907,nm,272
20200907,po,96
20200907,sg,126
20200907,si,3234
20200907,za,143
20200906,ce,572
20200906,kk,67
20200906,kp,88
20200906,kr,215
20200906,lj,922
20200906,mb,275
20200906,ms,269
20200906,ng,88
20200906,nm,264
20200906,po,95
20200906,sg,125
20200906,si,3191
20200906,za,143
20200905,ce,569
20200905,kk,66
20200905,kp,88
20200905,kr,213
20200905,lj,918
20200905,mb,266
20200905,ms,267
20200905,ng,88
20200905,nm,261
20200905,po,95
20200905,sg,125
20200905,si,3166
20200905,za,143
20200904,ce,556
20200904,kk,66
20200904,kp,88
20200904,kr,211
20200904,lj,903
20200904,mb,259
20200904,ms,266
20200904,ng,88
20200904,nm,258
20200904,po,95
20200904,sg,125
20200904,si,3123
20200904,za,143
20200903,ce,548
20200903,kk,64
20200903,kp,87
20200903,kr,208
20200903,lj,890
20200903,mb,253
20200903,ms,264
20200903,ng,88
20200903,nm,255
20200903,po,95
20200903,sg,122
20200903,si,3080
20200903,za,143
20200902,ce,537
20200902,kk,59
20200902,kp,87
20200902,kr,205
20200902,lj,873
20200902,mb,250
20200902,ms,261
20200902,ng,88
20200902,nm,252
20200902,po,95
20200902,sg,120
20200902,si,3033
20200902,za,143
20200901,ce,532
20200901,kk,58
20200901,kp,85
20200901,kr,200
20200901,lj,853
20200901,mb,245
20200901,ms,256
20200901,ng,87
20200901,nm,249
20200901,po,94
20200901,sg,120
20200901,si,2980
20200901,za,142
20200831,ce,525
20200831,kk,54
20200831,kp,84
20200831,kr,193
20200831,lj,840
20200831,mb,235
20200831,ms,253
20200831,ng,86
20200831,nm,249
20200831,po,94
20200831,sg,118
20200831,si,2925
20200831,za,140
20200830,ce,514
20200830,kk,49
20200830,kp,83
20200830,kr,192
20200830,lj,833
20200830,mb,230
20200830,ms,247
20200830,ng,86
20200830,nm,246
20200830,po,92
20200830,sg,118
20200830,si,2884
20200830,za,140
20200829,ce,514
20200829,kk,44
20200829,kp,82
20200829,kr,192
20200829,lj,822
20200829,mb,229
20200829,ms,247
20200829,ng,86
20200829,nm,246
20200829,po,92
20200829,sg,118
20200829,si,2866
20200829,za,140
20200828,ce,508
20200828,kk,44
20200828,kp,82
20200828,kr,186
20200828,lj,812
20200828,mb,227
20200828,ms,245
20200828,ng,86
20200828,nm,244
20200828,po,92
20200828,sg,117
20200828,si,2835
20200828,za,140
20200827,ce,502
20200827,kk,43
20200827,kp,82
20200827,kr,184
20200827,lj,798
20200827,mb,225
20200827,ms,240
20200827,ng,86
20200827,nm,241
20200827,po,91
20200827,sg,116
20200827,si,2798
20200827,za,139
20200826,ce,492
20200826,kk,39
20200826,kp,80
20200826,kr,182
20200826,lj,789
20200826,mb,217
20200826,ms,239
20200826,ng,86
20200826,nm,239
20200826,po,91
20200826,sg,113
20200826,si,2756
20200826,za,139
20200825,ce,487
20200825,kk,39
20200825,kp,78
20200825,kr,181
20200825,lj,780
20200825,mb,211
20200825,ms,239
20200825,ng,84
20200825,nm,238
20200825,po,90
20200825,sg,109
20200825,si,2723
20200825,za,138
20200824,ce,480
20200824,kk,37
20200824,kp,75
20200824,kr,179
20200824,lj,768
20200824,mb,211
20200824,ms,235
20200824,ng,83
20200824,nm,238
20200824,po,90
20200824,sg,107
20200824,si,2687
20200824,za,138
20200823,ce,476
20200823,kk,36
20200823,kp,75
20200823,kr,179
20200823,lj,763
20200823,mb,211
20200823,ms,234
20200823,ng,79
20200823,nm,236
20200823,po,90
20200823,sg,104
20200823,si,2666
20200823,za,138
20200822,ce,474
20200822,kk,36
20200822,kp,75
20200822,kr,179
20200822,lj,759
20200822,mb,210
20200822,ms,234
20200822,ng,79
20200822,nm,231
20200822,po,90
20200822,sg,104
20200822,si,2652
20200822,za,138
20200821,ce,471
20200821,kk,35
20200821,kp,73
20200821,kr,178
20200821,lj,749
20200821,mb,207
20200821,ms,231
20200821,ng,79
20200821,nm,226
20200821,po,90
20200821,sg,104
20200821,si,2618
20200821,za,137
20200820,ce,465
20200820,kk,33
20200820,kp,71
20200820,kr,178
20200820,lj,732
20200820,mb,201
20200820,ms,231
20200820,ng,79
20200820,nm,220
20200820,po,89
20200820,sg,104
20200820,si,2575
20200820,za,137
20200819,ce,457
20200819,kk,31
20200819,kp,70
20200819,kr,178
20200819,lj,718
20200819,mb,200
20200819,ms,227
20200819,ng,79
20200819,nm,214
20200819,po,89
20200819,sg,102
20200819,si,2537
20200819,za,137
20200818,ce,446
20200818,kk,30
20200818,kp,69
20200818,kr,174
20200818,lj,704
20200818,mb,199
20200818,ms,227
20200818,ng,78
20200818,nm,208
20200818,po,86
20200818,sg,102
20200818,si,2494
20200818,za,136
20200817,ce,442
20200817,kk,30
20200817,kp,67
20200817,kr,166
20200817,lj,696
20200817,mb,194
20200817,ms,226
20200817,ng,78
20200817,nm,204
20200817,po,86
20200817,sg,102
20200817,si,2457
20200817,za,134
20200816,ce,438
20200816,kk,30
20200816,kp,67
20200816,kr,165
20200816,lj,689
20200816,mb,190
20200816,ms,224
20200816,ng,77
20200816,nm,200
20200816,po,85
20200816,sg,101
20200816,si,2430
20200816,za,134
20200815,ce,437
20200815,kk,30
20200815,kp,67
20200815,kr,165
20200815,lj,683
20200815,mb,189
20200815,ms,223
20200815,ng,77
20200815,nm,197
20200815,po,85
20200815,sg,100
20200815,si,2417
20200815,za,134
20200814,ce,435
20200814,kk,30
20200814,kp,66
20200814,kr,162
20200814,lj,675
20200814,mb,189
20200814,ms,223
20200814,ng,77
20200814,nm,197
20200814,po,85
20200814,sg,100
20200814,si,2402
20200814,za,133
20200813,ce,426
20200813,kk,30
20200813,kp,65
20200813,kr,162
20200813,lj,663
20200813,mb,188
20200813,ms,223
20200813,ng,76
20200813,nm,194
20200813,po,85
20200813,sg,100
20200813,si,2370
20200813,za,131
20200812,ce,419
20200812,kk,29
20200812,kp,65
20200812,kr,160
20200812,lj,646
20200812,mb,187
20200812,ms,222
20200812,ng,75
20200812,nm,191
20200812,po,85
20200812,sg,98
20200812,si,2333
20200812,za,130
20200811,ce,418
20200811,kk,28
20200811,kp,62
20200811,kr,157
20200811,lj,636
20200811,mb,185
20200811,ms,222
20200811,ng,74
20200811,nm,187
20200811,po,84
20200811,sg,96
20200811,si,2304
20200811,za,129
20200810,ce,413
20200810,kk,28
20200810,kp,61
20200810,kr,157
20200810,lj,623
20200810,mb,181
20200810,ms,222
20200810,ng,72
20200810,nm,185
20200810,po,84
20200810,sg,94
20200810,si,2273
20200810,za,128
20200809,ce,411
20200809,kk,28
20200809,kp,60
20200809,kr,156
20200809,lj,613
20200809,mb,180
20200809,ms,222
20200809,ng,71
20200809,nm,184
20200809,po,84
20200809,sg,94
20200809,si,2256
20200809,za,128
20200808,ce,410
20200808,kk,28
20200808,kp,60
20200808,kr,156
20200808,lj,609
20200808,mb,180
20200808,ms,222
20200808,ng,71
20200808,nm,183
20200808,po,84
20200808,sg,94
20200808,si,2250
20200808,za,128
20200807,ce,410
20200807,kk,28
20200807,kp,60
20200807,kr,156
20200807,lj,609
20200807,mb,180
20200807,ms,222
20200807,ng,71
20200807,nm,182
20200807,po,84
20200807,sg,93
20200807,si,2248
20200807,za,128
20200806,ce,405
20200806,kk,28
20200806,kp,60
20200806,kr,156
20200806,lj,606
20200806,mb,179
20200806,ms,222
20200806,ng,71
20200806,nm,181
20200806,po,83
20200806,sg,91
20200806,si,2234
20200806,za,128
20200805,ce,402
20200805,kk,28
20200805,kp,60
20200805,kr,156
20200805,lj,602
20200805,mb,177
20200805,ms,222
20200805,ng,70
20200805,nm,181
20200805,po,83
20200805,sg,91
20200805,si,2224
20200805,za,128
20200804,ce,400
20200804,kk,28
20200804,kp,59
20200804,kr,155
20200804,lj,595
20200804,mb,176
20200804,ms,222
20200804,ng,70
20200804,nm,181
20200804,po,82
20200804,sg,91
20200804,si,2209
20200804,za,126
20200803,ce,392
20200803,kk,28
20200803,kp,59
20200803,kr,152
20200803,lj,592
20200803,mb,175
20200803,ms,222
20200803,ng,69
20200803,nm,181
20200803,po,81
20200803,sg,91
20200803,si,2191
20200803,za,126
20200802,ce,389
20200802,kk,28
20200802,kp,59
20200802,kr,151
20200802,lj,590
20200802,mb,175
20200802,ms,222
20200802,ng,69
20200802,nm,181
20200802,po,81
20200802,sg,91
20200802,si,2182
20200802,za,123
20200801,ce,389
20200801,kk,28
20200801,kp,59
20200801,kr,151
20200801,lj,590
20200801,mb,175
20200801,ms,222
20200801,ng,69
20200801,nm,181
20200801,po,81
20200801,sg,90
20200801,si,2181
20200801,za,123
20200731,ce,386
20200731,kk,28
20200731,kp,59
20200731,kr,148
20200731,lj,588
20200731,mb,175
20200731,ms,222
20200731,ng,69
20200731,nm,181
20200731,po,81
20200731,sg,90
20200731,si,2172
20200731,za,122
20200730,ce,384
20200730,kk,28
20200730,kp,59
20200730,kr,145
20200730,lj,583
20200730,mb,174
20200730,ms,222
20200730,ng,69
20200730,nm,180
20200730,po,81
20200730,sg,89
20200730,si,2157
20200730,za,121
20200729,ce,380
20200729,kk,28
20200729,kp,59
20200729,kr,144
20200729,lj,580
20200729,mb,174
20200729,ms,221
20200729,ng,68
20200729,nm,177
20200729,po,78
20200729,sg,89
20200729,si,2140
20200729,za,120
20200728,ce,374
20200728,kk,28
20200728,kp,58
20200728,kr,144
20200728,lj,571
20200728,mb,173
20200728,ms,221
20200728,ng,67
20200728,nm,175
20200728,po,75
20200728,sg,89
20200728,si,2116
20200728,za,119
20200727,ce,372
20200727,kk,28
20200727,kp,58
20200727,kr,142
20200727,lj,568
20200727,mb,173
20200727,ms,220
20200727,ng,66
20200727,nm,174
20200727,po,74
20200727,sg,88
20200727,si,2102
20200727,za,117
20200726,ce,369
20200726,kk,28
20200726,kp,57
20200726,kr,140
20200726,lj,566
20200726,mb,172
20200726,ms,220
20200726,ng,66
20200726,nm,174
20200726,po,70
20200726,sg,88
20200726,si,2088
20200726,za,116
20200725,ce,369
20200725,kk,28
20200725,kp,57
20200725,kr,139
20200725,lj,562
20200725,mb,172
20200725,ms,220
20200725,ng,66
20200725,nm,174
20200725,po,70
20200725,sg,88
20200725,si,2083
20200725,za,116
20200724,ce,368
20200724,kk,28
20200724,kp,57
20200724,kr,139
20200724,lj,560
20200724,mb,172
20200724,ms,220
20200724,ng,66
20200724,nm,174
20200724,po,70
20200724,sg,88
20200724,si,2067
20200724,za,103
20200723,ce,363
20200723,kk,27
20200723,kp,57
20200723,kr,136
20200723,lj,558
20200723,mb,172
20200723,ms,220
20200723,ng,65
20200723,nm,174
20200723,po,68
20200723,sg,88
20200723,si,2053
20200723,za,103
20200722,ce,357
20200722,kk,25
20200722,kp,57
20200722,kr,136
20200722,lj,552
20200722,mb,171
20200722,ms,220
20200722,ng,65
20200722,nm,173
20200722,po,67
20200722,sg,88
20200722,si,2034
20200722,za,101
20200721,ce,354
20200721,kk,25
20200721,kp,57
20200721,kr,132
20200721,lj,545
20200721,mb,171
20200721,ms,220
20200721,ng,64
20200721,nm,172
20200721,po,66
20200721,sg,88
20200721,si,2007
20200721,za,91
20200720,ce,348
20200720,kk,25
20200720,kp,57
20200720,kr,129
20200720,lj,537
20200720,mb,171
20200720,ms,219
20200720,ng,64
20200720,nm,171
20200720,po,65
20200720,sg,86
20200720,si,1978
20200720,za,84
20200719,ce,347
20200719,kk,25
20200719,kp,57
20200719,kr,126
20200719,lj,534
20200719,mb,171
20200719,ms,217
20200719,ng,63
20200719,nm,170
20200719,po,63
20200719,sg,86
20200719,si,1954
20200719,za,73
20200718,ce,347
20200718,kk,25
20200718,kp,57
20200718,kr,126
20200718,lj,532
20200718,mb,171
20200718,ms,217
20200718,ng,61
20200718,nm,170
20200718,po,63
20200718,sg,86
20200718,si,1947
20200718,za,71
20200717,ce,347
20200717,kk,25
20200717,kp,57
20200717,kr,124
20200717,lj,532
20200717,mb,171
20200717,ms,214
20200717,ng,61
20200717,nm,170
20200717,po,63
20200717,sg,86
20200717,si,1941
20200717,za,70
20200716,ce,344
20200716,kk,23
20200716,kp,57
20200716,kr,120
20200716,lj,526
20200716,mb,171
20200716,ms,211
20200716,ng,61
20200716,nm,169
20200716,po,62
20200716,sg,86
20200716,si,1917
20200716,za,66
20200715,ce,342
20200715,kk,22
20200715,kp,56
20200715,kr,119
20200715,lj,522
20200715,mb,170
20200715,ms,211
20200715,ng,61
20200715,nm,168
20200715,po,61
20200715,sg,86
20200715,si,1898
20200715,za,59
20200714,ce,341
20200714,kk,21
20200714,kp,56
20200714,kr,118
20200714,lj,518
20200714,mb,169
20200714,ms,210
20200714,ng,59
20200714,nm,168
20200714,po,61
20200714,sg,85
20200714,si,1879
20200714,za,52
20200713,ce,333
20200713,kk,21
20200713,kp,55
20200713,kr,116
20200713,lj,516
20200713,mb,168
20200713,ms,209
20200713,ng,59
20200713,nm,167
20200713,po,61
20200713,sg,84
20200713,si,1860
20200713,za,50
20200712,ce,332
20200712,kk,21
20200712,kp,55
20200712,kr,115
20200712,lj,515
20200712,mb,168
20200712,ms,207
20200712,ng,58
20200712,nm,166
20200712,po,61
20200712,sg,84
20200712,si,1850
20200712,za,47
20200711,ce,330
20200711,kk,21
20200711,kp,55
20200711,kr,115
20200711,lj,513
20200711,mb,167
20200711,ms,205
20200711,ng,58
20200711,nm,166
20200711,po,61
20200711,sg,84
20200711,si,1842
20200711,za,46
20200710,ce,330
20200710,kk,21
20200710,kp,55
20200710,kr,110
20200710,lj,512
20200710,mb,167
20200710,ms,199
20200710,ng,56
20200710,nm,165
20200710,po,61
20200710,sg,84
20200710,si,1827
20200710,za,46
20200709,ce,321
20200709,kk,21
20200709,kp,53
20200709,kr,109
20200709,lj,509
20200709,mb,166
20200709,ms,197
20200709,ng,55
20200709,nm,164
20200709,po,57
20200709,sg,80
20200709,si,1793
20200709,za,41
20200708,ce,319
20200708,kk,20
20200708,kp,52
20200708,kr,108
20200708,lj,505
20200708,mb,165
20200708,ms,196
20200708,ng,54
20200708,nm,164
20200708,po,57
20200708,sg,78
20200708,si,1776
20200708,za,39
20200707,ce,318
20200707,kk,20
20200707,kp,51
20200707,kr,108
20200707,lj,502
20200707,mb,164
20200707,ms,196
20200707,ng,53
20200707,nm,163
20200707,po,54
20200707,sg,78
20200707,si,1763
20200707,za,37
20200706,ce,317
20200706,kk,18
20200706,kp,47
20200706,kr,107
20200706,lj,498
20200706,mb,160
20200706,ms,195
20200706,ng,51
20200706,nm,160
20200706,po,54
20200706,sg,76
20200706,si,1739
20200706,za,37
20200705,ce,317
20200705,kk,18
20200705,kp,47
20200705,kr,107
20200705,lj,496
20200705,mb,154
20200705,ms,195
20200705,ng,49
20200705,nm,159
20200705,po,45
20200705,sg,74
20200705,si,1716
20200705,za,36
20200704,ce,317
20200704,kk,18
20200704,kp,47
20200704,kr,107
20200704,lj,493
20200704,mb,152
20200704,ms,195
20200704,ng,38
20200704,nm,159
20200704,po,45
20200704,sg,74
20200704,si,1700
20200704,za,36
20200703,ce,317
20200703,kk,18
20200703,kp,46
20200703,kr,107
20200703,lj,488
20200703,mb,147
20200703,ms,195
20200703,ng,32
20200703,nm,159
20200703,po,44
20200703,sg,71
20200703,si,1679
20200703,za,36
20200702,ce,314
20200702,kk,18
20200702,kp,45
20200702,kr,105
20200702,lj,478
20200702,mb,144
20200702,ms,191
20200702,ng,30
20200702,nm,159
20200702,po,42
20200702,sg,68
20200702,si,1649
20200702,za,36
20200701,ce,314
20200701,kk,17
20200701,kp,44
20200701,kr,105
20200701,lj,473
20200701,mb,141
20200701,ms,190
20200701,ng,29
20200701,nm,159
20200701,po,41
20200701,sg,66
20200701,si,1633
20200701,za,35
20200630,ce,314
20200630,kk,17
20200630,kp,43
20200630,kr,105
20200630,lj,466
20200630,mb,139
20200630,ms,190
20200630,ng,29
20200630,nm,159
20200630,po,39
20200630,sg,57
20200630,si,1612
20200630,za,35
20200629,ce,314
20200629,kk,16
20200629,kp,42
20200629,kr,104
20200629,lj,460
20200629,mb,137
20200629,ms,190
20200629,ng,28
20200629,nm,159
20200629,po,39
20200629,sg,56
20200629,si,1599
20200629,za,35
20200628,ce,314
20200628,kk,16
20200628,kp,42
20200628,kr,104
20200628,lj,454
20200628,mb,131
20200628,ms,190
20200628,ng,28
20200628,nm,158
20200628,po,39
20200628,sg,56
20200628,si,1584
20200628,za,35
20200627,ce,314
20200627,kk,16
20200627,kp,42
20200627,kr,104
20200627,lj,453
20200627,mb,131
20200627,ms,190
20200627,ng,28
20200627,nm,158
20200627,po,39
20200627,sg,53
20200627,si,1580
20200627,za,35
20200626,ce,314
20200626,kk,16
20200626,kp,39
20200626,kr,103
20200626,lj,451
20200626,mb,130
20200626,ms,190
20200626,ng,27
20200626,nm,158
20200626,po,39
20200626,sg,52
20200626,si,1571
20200626,za,35
20200625,ce,313
20200625,kk,16
20200625,kp,35
20200625,kr,103
20200625,lj,448
20200625,mb,130
20200625,ms,190
20200625,ng,27
20200625,nm,155
20200625,po,37
20200625,sg,52
20200625,si,1557
20200625,za,34
20200624,ce,312
20200624,kk,16
20200624,kp,35
20200624,kr,100
20200624,lj,443
20200624,mb,130
20200624,ms,189
20200624,ng,26
20200624,nm,155
20200624,po,37
20200624,sg,52
20200624,si,1546
20200624,za,34
20200623,ce,311
20200623,kk,16
20200623,kp,34
20200623,kr,98
20200623,lj,442
20200623,mb,129
20200623,ms,189
20200623,ng,26
20200623,nm,155
20200623,po,37
20200623,sg,52
20200623,si,1540
20200623,za,34
20200622,ce,309
20200622,kk,16
20200622,kp,32
20200622,kr,98
20200622,lj,441
20200622,mb,129
20200622,ms,189
20200622,ng,26
20200622,nm,155
20200622,po,37
20200622,sg,52
20200622,si,1534
20200622,za,34
20200621,ce,308
20200621,kk,16
20200621,kp,31
20200621,kr,98
20200621,lj,439
20200621,mb,129
20200621,ms,188
20200621,ng,26
20200621,nm,154
20200621,po,31
20200621,sg,52
20200621,si,1521
20200621,za,34
20200620,ce,308
20200620,kk,16
20200620,kp,31
20200620,kr,98
20200620,lj,438
20200620,mb,129
20200620,ms,188
20200620,ng,26
20200620,nm,154
20200620,po,31
20200620,sg,52
20200620,si,1520
20200620,za,34
20200619,ce,307
20200619,kk,16
20200619,kp,31
20200619,kr,98
20200619,lj,438
20200619,mb,129
20200619,ms,188
20200619,ng,26
20200619,nm,154
20200619,po,31
20200619,sg,52
20200619,si,1519
20200619,za,34
20200618,ce,307
20200618,kk,16
20200618,kp,28
20200618,kr,98
20200618,lj,435
20200618,mb,129
20200618,ms,188
20200618,ng,26
20200618,nm,154
20200618,po,31
20200618,sg,52
20200618,si,1513
20200618,za,34
20200617,ce,307
20200617,kk,16
20200617,kp,27
20200617,kr,98
20200617,lj,434
20200617,mb,129
20200617,ms,188
20200617,ng,26
20200617,nm,154
20200617,po,31
20200617,sg,52
20200617,si,1511
20200617,za,34
20200616,ce,307
20200616,kk,15
20200616,kp,26
20200616,kr,98
20200616,lj,431
20200616,mb,129
20200616,ms,188
20200616,ng,26
20200616,nm,154
20200616,po,31
20200616,sg,52
20200616,si,1503
20200616,za,34
20200615,ce,307
20200615,kk,15
20200615,kp,26
20200615,kr,96
20200615,lj,429
20200615,mb,129
20200615,ms,188
20200615,ng,26
20200615,nm,154
20200615,po,31
20200615,sg,52
20200615,si,1499
20200615,za,34
20200614,ce,307
20200614,kk,14
20200614,kp,25
20200614,kr,96
20200614,lj,429
20200614,mb,129
20200614,ms,188
20200614,ng,26
20200614,nm,154
20200614,po,30
20200614,sg,52
20200614,si,1496
20200614,za,34
20200613,ce,307
20200613,kk,14
20200613,kp,25
20200613,kr,95
20200613,lj,429
20200613,mb,129
20200613,ms,188
20200613,ng,26
20200613,nm,154
20200613,po,30
20200613,sg,52
20200613,si,1495
20200613,za,34
20200612,ce,307
20200612,kk,14
20200612,kp,25
20200612,kr,94
20200612,lj,429
20200612,mb,129
20200612,ms,188
20200612,ng,24
20200612,nm,154
20200612,po,30
20200612,sg,52
20200612,si,1492
20200612,za,34
20200611,ce,307
20200611,kk,14
20200611,kp,25
20200611,kr,94
20200611,lj,429
20200611,mb,128
20200611,ms,188
20200611,ng,23
20200611,nm,154
20200611,po,30
20200611,sg,52
20200611,si,1490
20200611,za,34
20200610,ce,307
20200610,kk,14
20200610,kp,23
20200610,kr,94
20200610,lj,429
20200610,mb,128
20200610,ms,188
20200610,ng,23
20200610,nm,154
20200610,po,30
20200610,sg,52
20200610,si,1488
20200610,za,34
20200609,ce,307
20200609,kk,14
20200609,kp,23
20200609,kr,94
20200609,lj,429
20200609,mb,128
20200609,ms,188
20200609,ng,23
20200609,nm,154
20200609,po,30
20200609,sg,52
20200609,si,1488
20200609,za,34
20200608,ce,307
20200608,kk,14
20200608,kp,23
20200608,kr,93
20200608,lj,428
20200608,mb,128
20200608,ms,188
20200608,ng,23
20200608,nm,154
20200608,po,30
20200608,sg,52
20200608,si,1486
20200608,za,34
20200607,ce,307
20200607,kk,14
20200607,kp,23
20200607,kr,92
20200607,lj,428
20200607,mb,128
20200607,ms,188
20200607,ng,23
20200607,nm,154
20200607,po,30
20200607,sg,52
20200607,si,1485
20200607,za,34
20200606,ce,307
20200606,kk,14
20200606,kp,23
20200606,kr,92
20200606,lj,428
20200606,mb,128
20200606,ms,188
20200606,ng,23
20200606,nm,154
20200606,po,30
20200606,sg,52
20200606,si,1485
20200606,za,34
20200605,ce,307
20200605,kk,14
20200605,kp,23
20200605,kr,91
20200605,lj,428
20200605,mb,128
20200605,ms,188
20200605,ng,23
20200605,nm,154
20200605,po,30
20200605,sg,52
20200605,si,1484
20200605,za,34
20200604,ce,307
20200604,kk,14
20200604,kp,23
20200604,kr,87
20200604,lj,427
20200604,mb,128
20200604,ms,188
20200604,ng,23
20200604,nm,154
20200604,po,30
20200604,sg,52
20200604,si,1479
20200604,za,34
20200603,ce,307
20200603,kk,14
20200603,kp,23
20200603,kr,86
20200603,lj,426
20200603,mb,128
20200603,ms,188
20200603,ng,23
20200603,nm,154
20200603,po,30
20200603,sg,52
20200603,si,1477
20200603,za,34
20200602,ce,307
20200602,kk,14
20200602,kp,23
20200602,kr,86
20200602,lj,426
20200602,mb,128
20200602,ms,188
20200602,ng,23
20200602,nm,154
20200602,po,30
20200602,sg,52
20200602,si,1477
20200602,za,34
20200601,ce,307
20200601,kk,14
20200601,kp,23
20200601,kr,86
20200601,lj,426
20200601,mb,126
20200601,ms,188
20200601,ng,23
20200601,nm,154
20200601,po,30
20200601,sg,52
20200601,si,1475
20200601,za,34
20200531,ce,307
20200531,kk,14
20200531,kp,23
20200531,kr,86
20200531,lj,425
20200531,mb,125
20200531,ms,188
20200531,ng,23
20200531,nm,154
20200531,po,30
20200531,sg,52
20200531,si,1473
20200531,za,34
20200530,ce,307
20200530,kk,14
20200530,kp,23
20200530,kr,86
20200530,lj,425
20200530,mb,125
20200530,ms,188
20200530,ng,23
20200530,nm,154
20200530,po,30
20200530,sg,52
20200530,si,1473
20200530,za,34
20200529,ce,307
20200529,kk,14
20200529,kp,23
20200529,kr,86
20200529,lj,425
20200529,mb,125
20200529,ms,188
20200529,ng,23
20200529,nm,154
20200529,po,30
20200529,sg,52
20200529,si,1473
20200529,za,34
20200528,ce,307
20200528,kk,14
20200528,kp,23
20200528,kr,86
20200528,lj,425
20200528,mb,125
20200528,ms,188
20200528,ng,23
20200528,nm,154
20200528,po,30
20200528,sg,52
20200528,si,1473
20200528,za,34
20200527,ce,307
20200527,kk,14
20200527,kp,23
20200527,kr,86
20200527,lj,425
20200527,mb,125
20200527,ms,188
20200527,ng,23
20200527,nm,154
20200527,po,30
20200527,sg,52
20200527,si,1473
20200527,za,34
20200526,ce,307
20200526,kk,13
20200526,kp,23
20200526,kr,86
20200526,lj,424
20200526,mb,125
20200526,ms,188
20200526,ng,23
20200526,nm,154
20200526,po,30
20200526,sg,52
20200526,si,1471
20200526,za,34
20200525,ce,307
20200525,kk,13
20200525,kp,23
20200525,kr,86
20200525,lj,423
20200525,mb,125
20200525,ms,188
20200525,ng,23
20200525,nm,154
20200525,po,30
20200525,sg,52
20200525,si,1469
20200525,za,34
20200524,ce,307
20200524,kk,13
20200524,kp,23
20200524,kr,86
20200524,lj,423
20200524,mb,125
20200524,ms,188
20200524,ng,23
20200524,nm,154
20200524,po,30
20200524,sg,52
20200524,si,1469
20200524,za,34
20200523,ce,307
20200523,kk,13
20200523,kp,23
20200523,kr,86
20200523,lj,423
20200523,mb,125
20200523,ms,188
20200523,ng,23
20200523,nm,154
20200523,po,30
20200523,sg,52
20200523,si,1468
20200523,za,34
20200522,ce,307
20200522,kk,13
20200522,kp,23
20200522,kr,86
20200522,lj,423
20200522,mb,125
20200522,ms,188
20200522,ng,23
20200522,nm,154
20200522,po,30
20200522,sg,52
20200522,si,1468
20200522,za,34
20200521,ce,307
20200521,kk,13
20200521,kp,23
20200521,kr,86
20200521,lj,423
20200521,mb,125
20200521,ms,188
20200521,ng,23
20200521,nm,154
20200521,po,30
20200521,sg,52
20200521,si,1468
20200521,za,34
20200520,ce,307
20200520,kk,13
20200520,kp,23
20200520,kr,86
20200520,lj,423
20200520,mb,125
20200520,ms,188
20200520,ng,23
20200520,nm,154
20200520,po,30
20200520,sg,52
20200520,si,1468
20200520,za,34
20200519,ce,307
20200519,kk,13
20200519,kp,23
20200519,kr,86
20200519,lj,423
20200519,mb,125
20200519,ms,188
20200519,ng,23
20200519,nm,154
20200519,po,30
20200519,sg,52
20200519,si,1468
20200519,za,34
20200518,ce,307
20200518,kk,13
20200518,kp,23
20200518,kr,86
20200518,lj,423
20200518,mb,125
20200518,ms,188
20200518,ng,23
20200518,nm,153
20200518,po,30
20200518,sg,52
20200518,si,1467
20200518,za,34
20200517,ce,307
20200517,kk,13
20200517,kp,23
20200517,kr,86
20200517,lj,422
20200517,mb,125
20200517,ms,188
20200517,ng,23
20200517,nm,153
20200517,po,30
20200517,sg,52
20200517,si,1466
20200517,za,34
20200516,ce,307
20200516,kk,13
20200516,kp,23
20200516,kr,86
20200516,lj,422
20200516,mb,125
20200516,ms,188
20200516,ng,23
20200516,nm,153
20200516,po,30
20200516,sg,52
20200516,si,1466
20200516,za,34
20200515,ce,306
20200515,kk,13
20200515,kp,23
20200515,kr,86
20200515,lj,422
20200515,mb,125
20200515,ms,188
20200515,ng,23
20200515,nm,153
20200515,po,30
20200515,sg,52
20200515,si,1465
20200515,za,34
20200514,ce,306
20200514,kk,13
20200514,kp,23
20200514,kr,86
20200514,lj,422
20200514,mb,125
20200514,ms,188
20200514,ng,23
20200514,nm,153
20200514,po,30
20200514,sg,52
20200514,si,1465
20200514,za,34
20200513,ce,306
20200513,kk,13
20200513,kp,23
20200513,kr,86
20200513,lj,422
20200513,mb,125
20200513,ms,188
20200513,ng,23
20200513,nm,153
20200513,po,30
20200513,sg,52
20200513,si,1464
20200513,za,34
20200512,ce,306
20200512,kk,13
20200512,kp,23
20200512,kr,86
20200512,lj,422
20200512,mb,125
20200512,ms,188
20200512,ng,22
20200512,nm,153
20200512,po,30
20200512,sg,52
20200512,si,1463
20200512,za,34
20200511,ce,306
20200511,kk,13
20200511,kp,23
20200511,kr,86
20200511,lj,422
20200511,mb,124
20200511,ms,188
20200511,ng,22
20200511,nm,152
20200511,po,30
20200511,sg,52
20200511,si,1461
20200511,za,34
20200510,ce,305
20200510,kk,13
20200510,kp,23
20200510,kr,86
20200510,lj,422
20200510,mb,124
20200510,ms,188
20200510,ng,22
20200510,nm,152
20200510,po,30
20200510,sg,52
20200510,si,1460
20200510,za,34
20200509,ce,305
20200509,kk,13
20200509,kp,23
20200509,kr,86
20200509,lj,419
20200509,mb,124
20200509,ms,188
20200509,ng,22
20200509,nm,152
20200509,po,30
20200509,sg,52
20200509,si,1457
20200509,za,34
20200508,ce,304
20200508,kk,13
20200508,kp,23
20200508,kr,86
20200508,lj,418
20200508,mb,124
20200508,ms,188
20200508,ng,22
20200508,nm,151
20200508,po,30
20200508,sg,52
20200508,si,1454
20200508,za,34
20200507,ce,304
20200507,kk,13
20200507,kp,23
20200507,kr,85
20200507,lj,417
20200507,mb,124
20200507,ms,188
20200507,ng,22
20200507,nm,151
20200507,po,30
20200507,sg,51
20200507,si,1450
20200507,za,33
20200506,ce,304
20200506,kk,13
20200506,kp,23
20200506,kr,84
20200506,lj,417
20200506,mb,124
20200506,ms,188
20200506,ng,22
20200506,nm,151
20200506,po,30
20200506,sg,51
20200506,si,1449
20200506,za,33
20200505,ce,303
20200505,kk,13
20200505,kp,23
20200505,kr,84
20200505,lj,417
20200505,mb,124
20200505,ms,188
20200505,ng,22
20200505,nm,151
20200505,po,30
20200505,sg,51
20200505,si,1448
20200505,za,33
20200504,ce,303
20200504,kk,13
20200504,kp,23
20200504,kr,84
20200504,lj,417
20200504,mb,124
20200504,ms,186
20200504,ng,22
20200504,nm,150
20200504,po,30
20200504,sg,51
20200504,si,1445
20200504,za,33
20200503,ce,302
20200503,kk,13
20200503,kp,23
20200503,kr,84
20200503,lj,417
20200503,mb,124
20200503,ms,181
20200503,ng,22
20200503,nm,150
20200503,po,30
20200503,sg,51
20200503,si,1439
20200503,za,33
20200502,ce,302
20200502,kk,13
20200502,kp,23
20200502,kr,84
20200502,lj,417
20200502,mb,124
20200502,ms,181
20200502,ng,22
20200502,nm,150
20200502,po,30
20200502,sg,51
20200502,si,1439
20200502,za,33
20200501,ce,302
20200501,kk,13
20200501,kp,23
20200501,kr,84
20200501,lj,417
20200501,mb,124
20200501,ms,181
20200501,ng,22
20200501,nm,150
20200501,po,30
20200501,sg,51
20200501,si,1439
20200501,za,33
20200430,ce,301
20200430,kk,13
20200430,kp,23
20200430,kr,84
20200430,lj,417
20200430,mb,123
20200430,ms,179
20200430,ng,22
20200430,nm,149
20200430,po,30
20200430,sg,51
20200430,si,1434
20200430,za,33
20200429,ce,301
20200429,kk,13
20200429,kp,23
20200429,kr,84
20200429,lj,416
20200429,mb,122
20200429,ms,176
20200429,ng,22
20200429,nm,149
20200429,po,30
20200429,sg,51
20200429,si,1429
20200429,za,33
20200428,ce,299
20200428,kk,13
20200428,kp,23
20200428,kr,84
20200428,lj,415
20200428,mb,119
20200428,ms,173
20200428,ng,22
20200428,nm,148
20200428,po,30
20200428,sg,51
20200428,si,1418
20200428,za,32
20200427,ce,299
20200427,kk,13
20200427,kp,23
20200427,kr,84
20200427,lj,414
20200427,mb,119
20200427,ms,167
20200427,ng,22
20200427,nm,147
20200427,po,30
20200427,sg,50
20200427,si,1409
20200427,za,32
20200426,ce,295
20200426,kk,13
20200426,kp,23
20200426,kr,83
20200426,lj,414
20200426,mb,119
20200426,ms,166
20200426,ng,22
20200426,nm,147
20200426,po,30
20200426,sg,50
20200426,si,1403
20200426,za,32
20200425,ce,294
20200425,kk,13
20200425,kp,23
20200425,kr,82
20200425,lj,414
20200425,mb,117
20200425,ms,165
20200425,ng,22
20200425,nm,146
20200425,po,30
20200425,sg,50
20200425,si,1397
20200425,za,32
20200424,ce,294
20200424,kk,13
20200424,kp,23
20200424,kr,82
20200424,lj,409
20200424,mb,117
20200424,ms,162
20200424,ng,22
20200424,nm,146
20200424,po,30
20200424,sg,50
20200424,si,1389
20200424,za,32
20200423,ce,294
20200423,kk,13
20200423,kp,23
20200423,kr,79
20200423,lj,407
20200423,mb,114
20200423,ms,158
20200423,ng,21
20200423,nm,146
20200423,po,30
20200423,sg,50
20200423,si,1374
20200423,za,30
20200422,ce,294
20200422,kk,13
20200422,kp,23
20200422,kr,78
20200422,lj,407
20200422,mb,112
20200422,ms,155
20200422,ng,21
20200422,nm,145
20200422,po,30
20200422,sg,50
20200422,si,1367
20200422,za,30
20200421,ce,294
20200421,kk,13
20200421,kp,23
20200421,kr,76
20200421,lj,400
20200421,mb,111
20200421,ms,154
20200421,ng,21
20200421,nm,143
20200421,po,30
20200421,sg,50
20200421,si,1354
20200421,za,30
20200420,ce,293
20200420,kk,13
20200420,kp,23
20200420,kr,76
20200420,lj,399
20200420,mb,110
20200420,ms,151
20200420,ng,21
20200420,nm,141
20200420,po,30
20200420,sg,50
20200420,si,1345
20200420,za,29
20200419,ce,290
20200419,kk,13
20200419,kp,23
20200419,kr,76
20200419,lj,396
20200419,mb,110
20200419,ms,151
20200419,ng,21
20200419,nm,139
20200419,po,30
20200419,sg,49
20200419,si,1336
20200419,za,29
20200418,ce,289
20200418,kk,13
20200418,kp,23
20200418,kr,76
20200418,lj,394
20200418,mb,109
20200418,ms,151
20200418,ng,21
20200418,nm,139
20200418,po,30
20200418,sg,48
20200418,si,1331
20200418,za,29
20200417,ce,283
20200417,kk,13
20200417,kp,23
20200417,kr,75
20200417,lj,394
20200417,mb,109
20200417,ms,146
20200417,ng,21
20200417,nm,138
20200417,po,30
20200417,sg,48
20200417,si,1318
20200417,za,29
20200416,ce,279
20200416,kk,13
20200416,kp,22
20200416,kr,75
20200416,lj,393
20200416,mb,109
20200416,ms,143
20200416,ng,21
20200416,nm,135
20200416,po,30
20200416,sg,48
20200416,si,1305
20200416,za,29
20200415,ce,262
20200415,kk,12
20200415,kp,21
20200415,kr,75
20200415,lj,390
20200415,mb,107
20200415,ms,138
20200415,ng,21
20200415,nm,130
20200415,po,30
20200415,sg,46
20200415,si,1269
20200415,za,29
20200414,ce,261
20200414,kk,12
20200414,kp,21
20200414,kr,75
20200414,lj,385
20200414,mb,106
20200414,ms,129
20200414,ng,21
20200414,nm,127
20200414,po,30
20200414,sg,46
20200414,si,1248
20200414,za,27
20200413,ce,258
20200413,kk,12
20200413,kp,19
20200413,kr,75
20200413,lj,380
20200413,mb,103
20200413,ms,118
20200413,ng,21
20200413,nm,127
20200413,po,29
20200413,sg,46
20200413,si,1221
20200413,za,25
20200412,ce,258
20200412,kk,11
20200412,kp,19
20200412,kr,75
20200412,lj,379
20200412,mb,99
20200412,ms,118
20200412,ng,21
20200412,nm,126
20200412,po,29
20200412,sg,46
20200412,si,1213
20200412,za,25
20200411,ce,257
20200411,kk,11
20200411,kp,19
20200411,kr,74
20200411,lj,375
20200411,mb,99
20200411,ms,118
20200411,ng,20
20200411,nm,126
20200411,po,29
20200411,sg,46
20200411,si,1206
20200411,za,25
20200410,ce,255
20200410,kk,11
20200410,kp,19
20200410,kr,74
20200410,lj,375
20200410,mb,98
20200410,ms,108
20200410,ng,20
20200410,nm,123
20200410,po,29
20200410,sg,46
20200410,si,1189
20200410,za,24
20200409,ce,250
20200409,kk,11
20200409,kp,18
20200409,kr,73
20200409,lj,368
20200409,mb,95
20200409,ms,102
20200409,ng,20
20200409,nm,118
20200409,po,28
20200409,sg,46
20200409,si,1160
20200409,za,24
20200408,ce,246
20200408,kk,10
20200408,kp,18
20200408,kr,73
20200408,lj,358
20200408,mb,93
20200408,ms,90
20200408,ng,20
20200408,nm,113
20200408,po,28
20200408,sg,45
20200408,si,1125
20200408,za,24
20200407,ce,239
20200407,kk,10
20200407,kp,18
20200407,kr,68
20200407,lj,344
20200407,mb,89
20200407,ms,90
20200407,ng,20
20200407,nm,111
20200407,po,28
20200407,sg,44
20200407,si,1092
20200407,za,24
20200406,ce,233
20200406,kk,10
20200406,kp,18
20200406,kr,67
20200406,lj,328
20200406,mb,84
20200406,ms,87
20200406,ng,20
20200406,nm,110
20200406,po,28
20200406,sg,41
20200406,si,1056
20200406,za,23
20200405,ce,223
20200405,kk,10
20200405,kp,18
20200405,kr,64
20200405,lj,319
20200405,mb,80
20200405,ms,80
20200405,ng,20
20200405,nm,110
20200405,po,28
20200405,sg,40
20200405,si,1021
20200405,za,22
20200404,ce,214
20200404,kk,10
20200404,kp,18
20200404,kr,63
20200404,lj,318
20200404,mb,78
20200404,ms,80
20200404,ng,17
20200404,nm,110
20200404,po,28
20200404,sg,38
20200404,si,998
20200404,za,19
20200403,ce,205
20200403,kk,10
20200403,kp,18
20200403,kr,63
20200403,lj,316
20200403,mb,75
20200403,ms,76
20200403,ng,17
20200403,nm,110
20200403,po,28
20200403,sg,36
20200403,si,978
20200403,za,19
20200402,ce,187
20200402,kk,10
20200402,kp,18
20200402,kr,63
20200402,lj,306
20200402,mb,71
20200402,ms,73
20200402,ng,15
20200402,nm,106
20200402,po,28
20200402,sg,36
20200402,si,937
20200402,za,19
20200401,ce,177
20200401,kk,9
20200401,kp,16
20200401,kr,61
20200401,lj,298
20200401,mb,68
20200401,ms,64
20200401,ng,15
20200401,nm,103
20200401,po,27
20200401,sg,35
20200401,si,897
20200401,za,19
20200331,ce,164
20200331,kk,9
20200331,kp,16
20200331,kr,58
20200331,lj,284
20200331,mb,65
20200331,ms,49
20200331,ng,14
20200331,nm,98
20200331,po,27
20200331,sg,35
20200331,si,842
20200331,za,18
20200330,ce,159
20200330,kk,9
20200330,kp,16
20200330,kr,54
20200330,lj,277
20200330,mb,63
20200330,ms,37
20200330,ng,11
20200330,nm,97
20200330,po,27
20200330,sg,35
20200330,si,805
20200330,za,15
20200329,ce,152
20200329,kk,8
20200329,kp,14
20200329,kr,54
20200329,lj,262
20200329,mb,63
20200329,ms,23
20200329,ng,11
20200329,nm,91
20200329,po,26
20200329,sg,35
20200329,si,757
20200329,za,14
20200328,ce,142
20200328,kk,7
20200328,kp,14
20200328,kr,53
20200328,lj,256
20200328,mb,62
20200328,ms,19
20200328,ng,11
20200328,nm,90
20200328,po,26
20200328,sg,35
20200328,si,733
20200328,za,14
20200327,ce,122
20200327,kk,7
20200327,kp,13
20200327,kr,50
20200327,lj,249
20200327,mb,58
20200327,ms,19
20200327,ng,9
20200327,nm,87
20200327,po,26
20200327,sg,31
20200327,si,686
20200327,za,12
20200326,ce,118
20200326,kk,7
20200326,kp,13
20200326,kr,42
20200326,lj,227
20200326,mb,57
20200326,ms,17
20200326,ng,8
20200326,nm,83
20200326,po,22
20200326,sg,26
20200326,si,634
20200326,za,11
20200325,ce,107
20200325,kk,7
20200325,kp,12
20200325,kr,40
20200325,lj,210
20200325,mb,52
20200325,ms,15
20200325,ng,7
20200325,nm,65
20200325,po,21
20200325,sg,24
20200325,si,573
20200325,za,10
20200324,ce,97
20200324,kk,7
20200324,kp,12
20200324,kr,34
20200324,lj,194
20200324,mb,48
20200324,ms,15
20200324,ng,6
20200324,nm,62
20200324,po,18
20200324,sg,22
20200324,si,526
20200324,za,8
20200323,ce,87
20200323,kk,6
20200323,kp,12
20200323,kr,31
20200323,lj,176
20200323,mb,46
20200323,ms,10
20200323,ng,6
20200323,nm,58
20200323,po,16
20200323,sg,20
20200323,si,478
20200323,za,7
20200322,ce,78
20200322,kk,5
20200322,kp,12
20200322,kr,29
20200322,lj,159
20200322,mb,43
20200322,ms,9
20200322,ng,6
20200322,nm,58
20200322,po,16
20200322,sg,19
20200322,si,442
20200322,za,5
20200321,ce,68
20200321,kk,5
20200321,kp,11
20200321,kr,28
20200321,lj,148
20200321,mb,36
20200321,ms,9
20200321,ng,6
20200321,nm,57
20200321,po,14
20200321,sg,16
20200321,si,406
20200321,za,5
20200320,ce,56
20200320,kk,3
20200320,kp,11
20200320,kr,24
20200320,lj,136
20200320,mb,34
20200320,ms,9
20200320,ng,5
20200320,nm,56
20200320,po,13
20200320,sg,16
20200320,si,369
20200320,za,3
20200319,ce,56
20200319,kk,2
20200319,kp,11
20200319,kr,23
20200319,lj,120
20200319,mb,30
20200319,ms,9
20200319,ng,5
20200319,nm,54
20200319,po,13
20200319,sg,14
20200319,si,341
20200319,za,2
20200318,ce,50
20200318,kk,1
20200318,kp,11
20200318,kr,20
20200318,lj,113
20200318,mb,28
20200318,ms,9
20200318,ng,5
20200318,nm,51
20200318,po,13
20200318,sg,13
20200318,si,318
20200318,za,2
20200317,ce,40
20200317,kk,1
20200317,kp,8
20200317,kr,18
20200317,lj,107
20200317,mb,27
20200317,ms,5
20200317,ng,4
20200317,nm,50
20200317,po,12
20200317,sg,10
20200317,si,286
20200317,za,2
20200316,ce,38
20200316,kk,1
20200316,kp,8
20200316,kr,18
20200316,lj,106
20200316,mb,24
20200316,ms,5
20200316,ng,4
20200316,nm,47
20200316,po,11
20200316,sg,10
20200316,si,276
20200316,za,2
20200315,ce,38
20200315,kk,1
20200315,kp,8
20200315,kr,16
20200315,lj,96
20200315,mb,21
20200315,ms,5
20200315,ng,3
20200315,nm,45
20200315,po,11
20200315,sg,3
20200315,si,250
20200315,za,2
20200314,ce,32
20200314,kk,1
20200314,kp,7
20200314,kr,11
20200314,lj,87
20200314,mb,18
20200314,ms,5
20200314,ng,3
20200314,nm,41
20200314,po,6
20200314,sg,1
20200314,si,215
20200314,za,2
20200313,ce,25
20200313,kk,1
20200313,kp,6
20200313,kr,8
20200313,lj,73
20200313,mb,12
20200313,ms,4
20200313,ng,3
20200313,nm,40
20200313,po,4
20200313,si,179
20200313,za,2
20200312,ce,13
20200312,kk,1
20200312,kp,4
20200312,kr,2
20200312,lj,63
20200312,mb,9
20200312,ms,4
20200312,ng,2
20200312,nm,30
20200312,po,3
20200312,si,133
20200312,za,1
20200311,ce,4
20200311,kp,2
20200311,kr,1
20200311,lj,44
20200311,mb,7
20200311,ms,3
20200311,ng,1
20200311,nm,18
20200311,po,3
20200311,si,83
20200310,kp,2
20200310,lj,27
20200310,mb,3
20200310,ms,2
20200310,nm,12
20200310,po,2
20200310,si,48
20200309,kp,1
20200309,lj,16
20200309,mb,1
20200309,ms,2
20200309,nm,11
20200309,si,31
20200308,kp,1
20200308,lj,10
20200308,mb,1
20200308,ms,2
20200308,nm,6
20200308,si,20
20200307,kp,1
20200307,lj,8
20200307,mb,1
20200307,ms,2
20200307,nm,3
20200307,si,15
20200306,lj,7
20200306,ms,2
20200306,nm,1
20200306,si,10
20200305,lj,5
20200305,ms,1
20200305,si,6
20200304,lj,1
20200304,si,1
