dateid,areaID,deaths
20210828,ce,581
20210828,kk,203
20210828,kp,168
20210828,kr,412
20210828,lj,953
20210828,mb,937
20210828,ms,456
20210828,ng,279
20210828,nm,334
20210828,po,106
20210828,sg,216
20210828,si,4768
20210828,za,121
20210827,ce,581
20210827,kk,203
20210827,kp,168
20210827,kr,412
20210827,lj,953
20210827,mb,937
20210827,ms,456
20210827,ng,279
20210827,nm,334
20210827,po,106
20210827,sg,216
20210827,si,4768
20210827,za,121
20210826,ce,581
20210826,kk,203
20210826,kp,168
20210826,kr,412
20210826,lj,953
20210826,mb,937
20210826,ms,456
20210826,ng,279
20210826,nm,334
20210826,po,106
20210826,sg,216
20210826,si,4768
20210826,za,121
20210825,ce,581
20210825,kk,203
20210825,kp,168
20210825,kr,412
20210825,lj,953
20210825,mb,937
20210825,ms,456
20210825,ng,279
20210825,nm,334
20210825,po,106
20210825,sg,216
20210825,si,4768
20210825,za,121
20210824,ce,581
20210824,kk,203
20210824,kp,168
20210824,kr,412
20210824,lj,953
20210824,mb,937
20210824,ms,456
20210824,ng,279
20210824,nm,334
20210824,po,106
20210824,sg,216
20210824,si,4768
20210824,za,121
20210823,ce,581
20210823,kk,203
20210823,kp,168
20210823,kr,412
20210823,lj,953
20210823,mb,937
20210823,ms,456
20210823,ng,279
20210823,nm,334
20210823,po,106
20210823,sg,216
20210823,si,4768
20210823,za,121
20210822,ce,581
20210822,kk,203
20210822,kp,168
20210822,kr,412
20210822,lj,953
20210822,mb,937
20210822,ms,456
20210822,ng,279
20210822,nm,334
20210822,po,106
20210822,sg,216
20210822,si,4768
20210822,za,121
20210821,ce,581
20210821,kk,203
20210821,kp,168
20210821,kr,412
20210821,lj,953
20210821,mb,937
20210821,ms,456
20210821,ng,279
20210821,nm,334
20210821,po,106
20210821,sg,216
20210821,si,4768
20210821,za,121
20210820,ce,581
20210820,kk,203
20210820,kp,168
20210820,kr,412
20210820,lj,953
20210820,mb,937
20210820,ms,456
20210820,ng,279
20210820,nm,334
20210820,po,106
20210820,sg,216
20210820,si,4768
20210820,za,121
20210819,ce,581
20210819,kk,203
20210819,kp,168
20210819,kr,412
20210819,lj,953
20210819,mb,937
20210819,ms,456
20210819,ng,279
20210819,nm,334
20210819,po,106
20210819,sg,216
20210819,si,4768
20210819,za,121
20210818,ce,581
20210818,kk,203
20210818,kp,168
20210818,kr,412
20210818,lj,953
20210818,mb,937
20210818,ms,456
20210818,ng,279
20210818,nm,334
20210818,po,106
20210818,sg,216
20210818,si,4768
20210818,za,121
20210817,ce,581
20210817,kk,203
20210817,kp,168
20210817,kr,412
20210817,lj,952
20210817,mb,936
20210817,ms,456
20210817,ng,279
20210817,nm,334
20210817,po,106
20210817,sg,216
20210817,si,4766
20210817,za,121
20210816,ce,581
20210816,kk,203
20210816,kp,168
20210816,kr,412
20210816,lj,951
20210816,mb,936
20210816,ms,455
20210816,ng,279
20210816,nm,334
20210816,po,106
20210816,sg,216
20210816,si,4764
20210816,za,121
20210815,ce,581
20210815,kk,203
20210815,kp,168
20210815,kr,412
20210815,lj,951
20210815,mb,936
20210815,ms,455
20210815,ng,279
20210815,nm,334
20210815,po,106
20210815,sg,216
20210815,si,4764
20210815,za,121
20210814,ce,581
20210814,kk,203
20210814,kp,168
20210814,kr,412
20210814,lj,951
20210814,mb,936
20210814,ms,455
20210814,ng,279
20210814,nm,334
20210814,po,106
20210814,sg,216
20210814,si,4764
20210814,za,121
20210813,ce,581
20210813,kk,203
20210813,kp,168
20210813,kr,412
20210813,lj,951
20210813,mb,936
20210813,ms,455
20210813,ng,279
20210813,nm,334
20210813,po,106
20210813,sg,216
20210813,si,4764
20210813,za,121
20210812,ce,581
20210812,kk,203
20210812,kp,168
20210812,kr,412
20210812,lj,951
20210812,mb,936
20210812,ms,455
20210812,ng,279
20210812,nm,334
20210812,po,106
20210812,sg,216
20210812,si,4764
20210812,za,121
20210811,ce,581
20210811,kk,203
20210811,kp,168
20210811,kr,412
20210811,lj,951
20210811,mb,936
20210811,ms,455
20210811,ng,279
20210811,nm,334
20210811,po,106
20210811,sg,216
20210811,si,4764
20210811,za,121
20210810,ce,581
20210810,kk,203
20210810,kp,168
20210810,kr,412
20210810,lj,951
20210810,mb,936
20210810,ms,455
20210810,ng,279
20210810,nm,334
20210810,po,106
20210810,sg,216
20210810,si,4764
20210810,za,121
20210809,ce,581
20210809,kk,203
20210809,kp,168
20210809,kr,412
20210809,lj,951
20210809,mb,936
20210809,ms,455
20210809,ng,279
20210809,nm,334
20210809,po,106
20210809,sg,216
20210809,si,4764
20210809,za,121
20210808,ce,581
20210808,kk,203
20210808,kp,168
20210808,kr,412
20210808,lj,951
20210808,mb,936
20210808,ms,455
20210808,ng,279
20210808,nm,334
20210808,po,106
20210808,sg,216
20210808,si,4764
20210808,za,121
20210807,ce,581
20210807,kk,203
20210807,kp,168
20210807,kr,412
20210807,lj,951
20210807,mb,936
20210807,ms,455
20210807,ng,279
20210807,nm,334
20210807,po,106
20210807,sg,216
20210807,si,4764
20210807,za,121
20210806,ce,581
20210806,kk,203
20210806,kp,168
20210806,kr,412
20210806,lj,951
20210806,mb,936
20210806,ms,455
20210806,ng,279
20210806,nm,334
20210806,po,106
20210806,sg,216
20210806,si,4764
20210806,za,121
20210805,ce,581
20210805,kk,203
20210805,kp,168
20210805,kr,412
20210805,lj,951
20210805,mb,936
20210805,ms,455
20210805,ng,279
20210805,nm,334
20210805,po,106
20210805,sg,216
20210805,si,4764
20210805,za,121
20210804,ce,581
20210804,kk,203
20210804,kp,168
20210804,kr,412
20210804,lj,951
20210804,mb,935
20210804,ms,455
20210804,ng,279
20210804,nm,334
20210804,po,106
20210804,sg,216
20210804,si,4763
20210804,za,121
20210803,ce,581
20210803,kk,203
20210803,kp,168
20210803,kr,412
20210803,lj,951
20210803,mb,935
20210803,ms,455
20210803,ng,279
20210803,nm,334
20210803,po,106
20210803,sg,216
20210803,si,4763
20210803,za,121
20210802,ce,581
20210802,kk,203
20210802,kp,168
20210802,kr,412
20210802,lj,951
20210802,mb,935
20210802,ms,455
20210802,ng,279
20210802,nm,334
20210802,po,106
20210802,sg,216
20210802,si,4763
20210802,za,121
20210801,ce,581
20210801,kk,203
20210801,kp,168
20210801,kr,412
20210801,lj,951
20210801,mb,935
20210801,ms,455
20210801,ng,279
20210801,nm,334
20210801,po,106
20210801,sg,216
20210801,si,4763
20210801,za,121
20210731,ce,581
20210731,kk,203
20210731,kp,168
20210731,kr,412
20210731,lj,951
20210731,mb,935
20210731,ms,455
20210731,ng,279
20210731,nm,334
20210731,po,106
20210731,sg,216
20210731,si,4763
20210731,za,121
20210730,ce,581
20210730,kk,203
20210730,kp,168
20210730,kr,412
20210730,lj,951
20210730,mb,935
20210730,ms,455
20210730,ng,279
20210730,nm,334
20210730,po,106
20210730,sg,216
20210730,si,4763
20210730,za,121
20210729,ce,581
20210729,kk,203
20210729,kp,168
20210729,kr,412
20210729,lj,950
20210729,mb,935
20210729,ms,455
20210729,ng,279
20210729,nm,334
20210729,po,106
20210729,sg,216
20210729,si,4762
20210729,za,121
20210728,ce,581
20210728,kk,203
20210728,kp,168
20210728,kr,412
20210728,lj,950
20210728,mb,935
20210728,ms,455
20210728,ng,279
20210728,nm,334
20210728,po,106
20210728,sg,216
20210728,si,4762
20210728,za,121
20210727,ce,581
20210727,kk,203
20210727,kp,168
20210727,kr,412
20210727,lj,950
20210727,mb,935
20210727,ms,455
20210727,ng,279
20210727,nm,334
20210727,po,106
20210727,sg,216
20210727,si,4762
20210727,za,121
20210726,ce,581
20210726,kk,203
20210726,kp,168
20210726,kr,412
20210726,lj,950
20210726,mb,935
20210726,ms,455
20210726,ng,279
20210726,nm,334
20210726,po,106
20210726,sg,216
20210726,si,4762
20210726,za,121
20210725,ce,581
20210725,kk,203
20210725,kp,168
20210725,kr,412
20210725,lj,950
20210725,mb,935
20210725,ms,455
20210725,ng,279
20210725,nm,334
20210725,po,106
20210725,sg,216
20210725,si,4762
20210725,za,121
20210724,ce,581
20210724,kk,203
20210724,kp,168
20210724,kr,412
20210724,lj,950
20210724,mb,935
20210724,ms,455
20210724,ng,279
20210724,nm,334
20210724,po,106
20210724,sg,216
20210724,si,4762
20210724,za,121
20210723,ce,581
20210723,kk,203
20210723,kp,168
20210723,kr,412
20210723,lj,950
20210723,mb,935
20210723,ms,455
20210723,ng,279
20210723,nm,334
20210723,po,106
20210723,sg,216
20210723,si,4762
20210723,za,121
20210722,ce,581
20210722,kk,203
20210722,kp,168
20210722,kr,412
20210722,lj,950
20210722,mb,934
20210722,ms,455
20210722,ng,279
20210722,nm,334
20210722,po,106
20210722,sg,216
20210722,si,4761
20210722,za,121
20210721,ce,581
20210721,kk,203
20210721,kp,168
20210721,kr,412
20210721,lj,950
20210721,mb,934
20210721,ms,455
20210721,ng,279
20210721,nm,334
20210721,po,106
20210721,sg,216
20210721,si,4761
20210721,za,121
20210720,ce,581
20210720,kk,203
20210720,kp,168
20210720,kr,412
20210720,lj,950
20210720,mb,934
20210720,ms,455
20210720,ng,279
20210720,nm,334
20210720,po,106
20210720,sg,216
20210720,si,4761
20210720,za,121
20210719,ce,581
20210719,kk,203
20210719,kp,168
20210719,kr,412
20210719,lj,950
20210719,mb,934
20210719,ms,455
20210719,ng,279
20210719,nm,334
20210719,po,106
20210719,sg,216
20210719,si,4761
20210719,za,121
20210718,ce,581
20210718,kk,203
20210718,kp,168
20210718,kr,412
20210718,lj,950
20210718,mb,934
20210718,ms,455
20210718,ng,279
20210718,nm,334
20210718,po,106
20210718,sg,216
20210718,si,4761
20210718,za,121
20210717,ce,581
20210717,kk,203
20210717,kp,168
20210717,kr,412
20210717,lj,950
20210717,mb,934
20210717,ms,455
20210717,ng,279
20210717,nm,334
20210717,po,106
20210717,sg,216
20210717,si,4761
20210717,za,121
20210716,ce,581
20210716,kk,203
20210716,kp,168
20210716,kr,412
20210716,lj,950
20210716,mb,934
20210716,ms,455
20210716,ng,279
20210716,nm,334
20210716,po,106
20210716,sg,216
20210716,si,4761
20210716,za,121
20210715,ce,581
20210715,kk,203
20210715,kp,168
20210715,kr,412
20210715,lj,950
20210715,mb,934
20210715,ms,455
20210715,ng,279
20210715,nm,334
20210715,po,106
20210715,sg,216
20210715,si,4761
20210715,za,121
20210714,ce,581
20210714,kk,203
20210714,kp,168
20210714,kr,412
20210714,lj,950
20210714,mb,934
20210714,ms,455
20210714,ng,279
20210714,nm,334
20210714,po,106
20210714,sg,216
20210714,si,4761
20210714,za,121
20210713,ce,581
20210713,kk,203
20210713,kp,168
20210713,kr,412
20210713,lj,950
20210713,mb,934
20210713,ms,455
20210713,ng,279
20210713,nm,334
20210713,po,106
20210713,sg,216
20210713,si,4761
20210713,za,121
20210712,ce,581
20210712,kk,203
20210712,kp,168
20210712,kr,412
20210712,lj,950
20210712,mb,934
20210712,ms,455
20210712,ng,279
20210712,nm,334
20210712,po,106
20210712,sg,216
20210712,si,4761
20210712,za,121
20210711,ce,581
20210711,kk,203
20210711,kp,168
20210711,kr,412
20210711,lj,950
20210711,mb,934
20210711,ms,455
20210711,ng,279
20210711,nm,334
20210711,po,106
20210711,sg,216
20210711,si,4761
20210711,za,121
20210710,ce,581
20210710,kk,203
20210710,kp,168
20210710,kr,412
20210710,lj,949
20210710,mb,934
20210710,ms,455
20210710,ng,279
20210710,nm,334
20210710,po,106
20210710,sg,216
20210710,si,4760
20210710,za,121
20210709,ce,581
20210709,kk,203
20210709,kp,168
20210709,kr,412
20210709,lj,949
20210709,mb,934
20210709,ms,455
20210709,ng,279
20210709,nm,334
20210709,po,106
20210709,sg,216
20210709,si,4760
20210709,za,121
20210708,ce,581
20210708,kk,203
20210708,kp,168
20210708,kr,412
20210708,lj,949
20210708,mb,934
20210708,ms,455
20210708,ng,279
20210708,nm,334
20210708,po,106
20210708,sg,216
20210708,si,4760
20210708,za,121
20210707,ce,581
20210707,kk,203
20210707,kp,168
20210707,kr,412
20210707,lj,948
20210707,mb,933
20210707,ms,455
20210707,ng,279
20210707,nm,334
20210707,po,106
20210707,sg,216
20210707,si,4758
20210707,za,121
20210706,ce,581
20210706,kk,203
20210706,kp,168
20210706,kr,412
20210706,lj,948
20210706,mb,933
20210706,ms,455
20210706,ng,279
20210706,nm,334
20210706,po,106
20210706,sg,216
20210706,si,4758
20210706,za,121
20210705,ce,581
20210705,kk,203
20210705,kp,168
20210705,kr,412
20210705,lj,946
20210705,mb,933
20210705,ms,455
20210705,ng,279
20210705,nm,334
20210705,po,106
20210705,sg,216
20210705,si,4755
20210705,za,120
20210704,ce,581
20210704,kk,203
20210704,kp,168
20210704,kr,412
20210704,lj,945
20210704,mb,933
20210704,ms,455
20210704,ng,279
20210704,nm,334
20210704,po,106
20210704,sg,216
20210704,si,4754
20210704,za,120
20210703,ce,581
20210703,kk,203
20210703,kp,168
20210703,kr,412
20210703,lj,945
20210703,mb,933
20210703,ms,454
20210703,ng,279
20210703,nm,334
20210703,po,106
20210703,sg,216
20210703,si,4753
20210703,za,120
20210702,ce,581
20210702,kk,203
20210702,kp,168
20210702,kr,412
20210702,lj,945
20210702,mb,933
20210702,ms,454
20210702,ng,279
20210702,nm,334
20210702,po,106
20210702,sg,216
20210702,si,4753
20210702,za,120
20210701,ce,581
20210701,kk,203
20210701,kp,168
20210701,kr,412
20210701,lj,945
20210701,mb,933
20210701,ms,454
20210701,ng,279
20210701,nm,334
20210701,po,106
20210701,sg,216
20210701,si,4753
20210701,za,120
20210630,ce,581
20210630,kk,203
20210630,kp,168
20210630,kr,412
20210630,lj,945
20210630,mb,933
20210630,ms,454
20210630,ng,279
20210630,nm,334
20210630,po,106
20210630,sg,216
20210630,si,4753
20210630,za,120
20210629,ce,581
20210629,kk,203
20210629,kp,168
20210629,kr,412
20210629,lj,945
20210629,mb,933
20210629,ms,454
20210629,ng,279
20210629,nm,334
20210629,po,106
20210629,sg,216
20210629,si,4753
20210629,za,120
20210628,ce,581
20210628,kk,203
20210628,kp,168
20210628,kr,412
20210628,lj,945
20210628,mb,933
20210628,ms,454
20210628,ng,279
20210628,nm,334
20210628,po,106
20210628,sg,216
20210628,si,4753
20210628,za,120
20210627,ce,581
20210627,kk,203
20210627,kp,168
20210627,kr,412
20210627,lj,945
20210627,mb,933
20210627,ms,454
20210627,ng,279
20210627,nm,334
20210627,po,106
20210627,sg,216
20210627,si,4753
20210627,za,120
20210626,ce,581
20210626,kk,203
20210626,kp,168
20210626,kr,412
20210626,lj,945
20210626,mb,933
20210626,ms,454
20210626,ng,279
20210626,nm,334
20210626,po,106
20210626,sg,216
20210626,si,4753
20210626,za,120
20210625,ce,581
20210625,kk,203
20210625,kp,168
20210625,kr,412
20210625,lj,945
20210625,mb,933
20210625,ms,454
20210625,ng,279
20210625,nm,334
20210625,po,106
20210625,sg,216
20210625,si,4753
20210625,za,120
20210624,ce,581
20210624,kk,203
20210624,kp,168
20210624,kr,412
20210624,lj,943
20210624,mb,933
20210624,ms,454
20210624,ng,279
20210624,nm,334
20210624,po,106
20210624,sg,216
20210624,si,4751
20210624,za,120
20210623,ce,581
20210623,kk,203
20210623,kp,168
20210623,kr,412
20210623,lj,943
20210623,mb,932
20210623,ms,454
20210623,ng,279
20210623,nm,334
20210623,po,106
20210623,sg,216
20210623,si,4750
20210623,za,120
20210622,ce,581
20210622,kk,202
20210622,kp,168
20210622,kr,412
20210622,lj,943
20210622,mb,932
20210622,ms,454
20210622,ng,279
20210622,nm,334
20210622,po,106
20210622,sg,216
20210622,si,4749
20210622,za,120
20210621,ce,581
20210621,kk,202
20210621,kp,168
20210621,kr,412
20210621,lj,943
20210621,mb,932
20210621,ms,454
20210621,ng,279
20210621,nm,334
20210621,po,106
20210621,sg,216
20210621,si,4749
20210621,za,120
20210620,ce,581
20210620,kk,202
20210620,kp,168
20210620,kr,412
20210620,lj,942
20210620,mb,931
20210620,ms,454
20210620,ng,279
20210620,nm,334
20210620,po,106
20210620,sg,216
20210620,si,4747
20210620,za,120
20210619,ce,581
20210619,kk,200
20210619,kp,168
20210619,kr,412
20210619,lj,942
20210619,mb,931
20210619,ms,454
20210619,ng,279
20210619,nm,334
20210619,po,106
20210619,sg,216
20210619,si,4745
20210619,za,120
20210618,ce,581
20210618,kk,200
20210618,kp,168
20210618,kr,410
20210618,lj,942
20210618,mb,931
20210618,ms,454
20210618,ng,279
20210618,nm,334
20210618,po,106
20210618,sg,216
20210618,si,4743
20210618,za,120
20210617,ce,581
20210617,kk,200
20210617,kp,168
20210617,kr,410
20210617,lj,942
20210617,mb,931
20210617,ms,454
20210617,ng,279
20210617,nm,334
20210617,po,106
20210617,sg,216
20210617,si,4743
20210617,za,120
20210616,ce,581
20210616,kk,200
20210616,kp,168
20210616,kr,410
20210616,lj,941
20210616,mb,931
20210616,ms,454
20210616,ng,279
20210616,nm,334
20210616,po,106
20210616,sg,216
20210616,si,4742
20210616,za,120
20210615,ce,581
20210615,kk,200
20210615,kp,168
20210615,kr,410
20210615,lj,941
20210615,mb,931
20210615,ms,454
20210615,ng,279
20210615,nm,334
20210615,po,106
20210615,sg,216
20210615,si,4742
20210615,za,120
20210614,ce,581
20210614,kk,200
20210614,kp,168
20210614,kr,410
20210614,lj,941
20210614,mb,930
20210614,ms,454
20210614,ng,279
20210614,nm,334
20210614,po,106
20210614,sg,216
20210614,si,4741
20210614,za,120
20210613,ce,581
20210613,kk,200
20210613,kp,167
20210613,kr,410
20210613,lj,940
20210613,mb,929
20210613,ms,454
20210613,ng,279
20210613,nm,334
20210613,po,106
20210613,sg,216
20210613,si,4738
20210613,za,120
20210612,ce,581
20210612,kk,199
20210612,kp,167
20210612,kr,409
20210612,lj,939
20210612,mb,929
20210612,ms,454
20210612,ng,279
20210612,nm,334
20210612,po,106
20210612,sg,216
20210612,si,4735
20210612,za,120
20210611,ce,581
20210611,kk,199
20210611,kp,167
20210611,kr,409
20210611,lj,938
20210611,mb,926
20210611,ms,454
20210611,ng,279
20210611,nm,334
20210611,po,106
20210611,sg,215
20210611,si,4730
20210611,za,120
20210610,ce,581
20210610,kk,198
20210610,kp,167
20210610,kr,409
20210610,lj,938
20210610,mb,924
20210610,ms,454
20210610,ng,279
20210610,nm,334
20210610,po,106
20210610,sg,215
20210610,si,4727
20210610,za,120
20210609,ce,581
20210609,kk,198
20210609,kp,167
20210609,kr,409
20210609,lj,938
20210609,mb,924
20210609,ms,453
20210609,ng,279
20210609,nm,334
20210609,po,106
20210609,sg,214
20210609,si,4724
20210609,za,119
20210608,ce,580
20210608,kk,198
20210608,kp,167
20210608,kr,409
20210608,lj,937
20210608,mb,924
20210608,ms,453
20210608,ng,279
20210608,nm,333
20210608,po,106
20210608,sg,214
20210608,si,4721
20210608,za,119
20210607,ce,580
20210607,kk,198
20210607,kp,167
20210607,kr,409
20210607,lj,937
20210607,mb,924
20210607,ms,453
20210607,ng,279
20210607,nm,333
20210607,po,106
20210607,sg,214
20210607,si,4721
20210607,za,119
20210606,ce,580
20210606,kk,198
20210606,kp,166
20210606,kr,409
20210606,lj,936
20210606,mb,923
20210606,ms,453
20210606,ng,279
20210606,nm,333
20210606,po,106
20210606,sg,214
20210606,si,4718
20210606,za,119
20210605,ce,580
20210605,kk,197
20210605,kp,166
20210605,kr,409
20210605,lj,935
20210605,mb,923
20210605,ms,453
20210605,ng,279
20210605,nm,333
20210605,po,106
20210605,sg,214
20210605,si,4716
20210605,za,119
20210604,ce,580
20210604,kk,197
20210604,kp,166
20210604,kr,409
20210604,lj,933
20210604,mb,923
20210604,ms,453
20210604,ng,279
20210604,nm,333
20210604,po,106
20210604,sg,214
20210604,si,4714
20210604,za,119
20210603,ce,579
20210603,kk,197
20210603,kp,166
20210603,kr,409
20210603,lj,933
20210603,mb,923
20210603,ms,453
20210603,ng,279
20210603,nm,333
20210603,po,106
20210603,sg,214
20210603,si,4713
20210603,za,119
20210602,ce,579
20210602,kk,197
20210602,kp,166
20210602,kr,409
20210602,lj,931
20210602,mb,923
20210602,ms,453
20210602,ng,279
20210602,nm,333
20210602,po,106
20210602,sg,213
20210602,si,4710
20210602,za,119
20210601,ce,578
20210601,kk,197
20210601,kp,166
20210601,kr,409
20210601,lj,930
20210601,mb,923
20210601,ms,453
20210601,ng,279
20210601,nm,333
20210601,po,106
20210601,sg,213
20210601,si,4708
20210601,za,119
20210531,ce,577
20210531,kk,197
20210531,kp,166
20210531,kr,409
20210531,lj,929
20210531,mb,922
20210531,ms,453
20210531,ng,279
20210531,nm,333
20210531,po,106
20210531,sg,213
20210531,si,4705
20210531,za,119
20210530,ce,577
20210530,kk,197
20210530,kp,166
20210530,kr,409
20210530,lj,929
20210530,mb,921
20210530,ms,453
20210530,ng,279
20210530,nm,333
20210530,po,106
20210530,sg,213
20210530,si,4704
20210530,za,119
20210529,ce,576
20210529,kk,197
20210529,kp,166
20210529,kr,408
20210529,lj,929
20210529,mb,921
20210529,ms,453
20210529,ng,279
20210529,nm,333
20210529,po,106
20210529,sg,213
20210529,si,4702
20210529,za,119
20210528,ce,574
20210528,kk,197
20210528,kp,166
20210528,kr,407
20210528,lj,929
20210528,mb,921
20210528,ms,453
20210528,ng,279
20210528,nm,333
20210528,po,106
20210528,sg,213
20210528,si,4699
20210528,za,119
20210527,ce,572
20210527,kk,197
20210527,kp,166
20210527,kr,407
20210527,lj,929
20210527,mb,920
20210527,ms,453
20210527,ng,279
20210527,nm,333
20210527,po,106
20210527,sg,213
20210527,si,4696
20210527,za,119
20210526,ce,571
20210526,kk,197
20210526,kp,166
20210526,kr,407
20210526,lj,929
20210526,mb,920
20210526,ms,453
20210526,ng,279
20210526,nm,332
20210526,po,106
20210526,sg,212
20210526,si,4693
20210526,za,119
20210525,ce,571
20210525,kk,197
20210525,kp,166
20210525,kr,406
20210525,lj,929
20210525,mb,920
20210525,ms,453
20210525,ng,279
20210525,nm,332
20210525,po,106
20210525,sg,212
20210525,si,4692
20210525,za,119
20210524,ce,570
20210524,kk,197
20210524,kp,166
20210524,kr,406
20210524,lj,929
20210524,mb,920
20210524,ms,452
20210524,ng,279
20210524,nm,331
20210524,po,106
20210524,sg,212
20210524,si,4689
20210524,za,119
20210523,ce,570
20210523,kk,197
20210523,kp,166
20210523,kr,406
20210523,lj,928
20210523,mb,920
20210523,ms,452
20210523,ng,279
20210523,nm,331
20210523,po,106
20210523,sg,212
20210523,si,4688
20210523,za,119
20210522,ce,568
20210522,kk,197
20210522,kp,166
20210522,kr,406
20210522,lj,928
20210522,mb,920
20210522,ms,452
20210522,ng,279
20210522,nm,331
20210522,po,106
20210522,sg,212
20210522,si,4686
20210522,za,119
20210521,ce,567
20210521,kk,197
20210521,kp,166
20210521,kr,406
20210521,lj,928
20210521,mb,920
20210521,ms,452
20210521,ng,279
20210521,nm,331
20210521,po,106
20210521,sg,212
20210521,si,4685
20210521,za,119
20210520,ce,566
20210520,kk,196
20210520,kp,166
20210520,kr,406
20210520,lj,928
20210520,mb,920
20210520,ms,452
20210520,ng,279
20210520,nm,331
20210520,po,106
20210520,sg,212
20210520,si,4683
20210520,za,119
20210519,ce,565
20210519,kk,196
20210519,kp,166
20210519,kr,406
20210519,lj,927
20210519,mb,920
20210519,ms,452
20210519,ng,279
20210519,nm,331
20210519,po,106
20210519,sg,212
20210519,si,4681
20210519,za,119
20210518,ce,564
20210518,kk,195
20210518,kp,166
20210518,kr,406
20210518,lj,926
20210518,mb,918
20210518,ms,452
20210518,ng,279
20210518,nm,331
20210518,po,106
20210518,sg,212
20210518,si,4676
20210518,za,119
20210517,ce,564
20210517,kk,195
20210517,kp,166
20210517,kr,405
20210517,lj,926
20210517,mb,916
20210517,ms,452
20210517,ng,279
20210517,nm,331
20210517,po,106
20210517,sg,211
20210517,si,4672
20210517,za,119
20210516,ce,564
20210516,kk,195
20210516,kp,166
20210516,kr,405
20210516,lj,926
20210516,mb,914
20210516,ms,451
20210516,ng,279
20210516,nm,330
20210516,po,106
20210516,sg,211
20210516,si,4668
20210516,za,119
20210515,ce,562
20210515,kk,195
20210515,kp,166
20210515,kr,405
20210515,lj,926
20210515,mb,911
20210515,ms,451
20210515,ng,279
20210515,nm,330
20210515,po,106
20210515,sg,211
20210515,si,4663
20210515,za,119
20210514,ce,561
20210514,kk,194
20210514,kp,166
20210514,kr,405
20210514,lj,926
20210514,mb,911
20210514,ms,451
20210514,ng,278
20210514,nm,330
20210514,po,106
20210514,sg,211
20210514,si,4660
20210514,za,119
20210513,ce,561
20210513,kk,194
20210513,kp,166
20210513,kr,405
20210513,lj,926
20210513,mb,911
20210513,ms,451
20210513,ng,278
20210513,nm,329
20210513,po,106
20210513,sg,211
20210513,si,4659
20210513,za,119
20210512,ce,560
20210512,kk,193
20210512,kp,166
20210512,kr,403
20210512,lj,926
20210512,mb,911
20210512,ms,451
20210512,ng,278
20210512,nm,329
20210512,po,105
20210512,sg,209
20210512,si,4652
20210512,za,119
20210511,ce,560
20210511,kk,192
20210511,kp,166
20210511,kr,402
20210511,lj,926
20210511,mb,911
20210511,ms,450
20210511,ng,278
20210511,nm,328
20210511,po,105
20210511,sg,208
20210511,si,4647
20210511,za,119
20210510,ce,558
20210510,kk,192
20210510,kp,166
20210510,kr,402
20210510,lj,925
20210510,mb,911
20210510,ms,450
20210510,ng,277
20210510,nm,327
20210510,po,105
20210510,sg,208
20210510,si,4642
20210510,za,119
20210509,ce,556
20210509,kk,192
20210509,kp,166
20210509,kr,402
20210509,lj,925
20210509,mb,911
20210509,ms,450
20210509,ng,277
20210509,nm,327
20210509,po,105
20210509,sg,208
20210509,si,4640
20210509,za,119
20210508,ce,554
20210508,kk,192
20210508,kp,166
20210508,kr,402
20210508,lj,925
20210508,mb,911
20210508,ms,448
20210508,ng,277
20210508,nm,325
20210508,po,105
20210508,sg,208
20210508,si,4633
20210508,za,118
20210507,ce,551
20210507,kk,191
20210507,kp,166
20210507,kr,402
20210507,lj,925
20210507,mb,909
20210507,ms,448
20210507,ng,277
20210507,nm,325
20210507,po,105
20210507,sg,208
20210507,si,4626
20210507,za,117
20210506,ce,551
20210506,kk,191
20210506,kp,166
20210506,kr,402
20210506,lj,925
20210506,mb,909
20210506,ms,448
20210506,ng,277
20210506,nm,325
20210506,po,105
20210506,sg,208
20210506,si,4626
20210506,za,117
20210505,ce,551
20210505,kk,191
20210505,kp,166
20210505,kr,402
20210505,lj,924
20210505,mb,908
20210505,ms,448
20210505,ng,277
20210505,nm,325
20210505,po,105
20210505,sg,208
20210505,si,4624
20210505,za,117
20210504,ce,551
20210504,kk,191
20210504,kp,166
20210504,kr,401
20210504,lj,923
20210504,mb,908
20210504,ms,448
20210504,ng,277
20210504,nm,325
20210504,po,105
20210504,sg,208
20210504,si,4622
20210504,za,117
20210503,ce,550
20210503,kk,191
20210503,kp,166
20210503,kr,401
20210503,lj,917
20210503,mb,907
20210503,ms,447
20210503,ng,277
20210503,nm,325
20210503,po,105
20210503,sg,208
20210503,si,4613
20210503,za,117
20210502,ce,550
20210502,kk,191
20210502,kp,166
20210502,kr,401
20210502,lj,916
20210502,mb,907
20210502,ms,447
20210502,ng,277
20210502,nm,323
20210502,po,105
20210502,sg,208
20210502,si,4610
20210502,za,117
20210501,ce,548
20210501,kk,190
20210501,kp,166
20210501,kr,401
20210501,lj,915
20210501,mb,905
20210501,ms,447
20210501,ng,277
20210501,nm,322
20210501,po,105
20210501,sg,208
20210501,si,4602
20210501,za,116
20210430,ce,546
20210430,kk,190
20210430,kp,166
20210430,kr,401
20210430,lj,915
20210430,mb,905
20210430,ms,446
20210430,ng,277
20210430,nm,322
20210430,po,105
20210430,sg,208
20210430,si,4598
20210430,za,115
20210429,ce,543
20210429,kk,189
20210429,kp,166
20210429,kr,401
20210429,lj,915
20210429,mb,902
20210429,ms,446
20210429,ng,277
20210429,nm,322
20210429,po,104
20210429,sg,208
20210429,si,4589
20210429,za,114
20210428,ce,542
20210428,kk,187
20210428,kp,166
20210428,kr,399
20210428,lj,915
20210428,mb,900
20210428,ms,446
20210428,ng,277
20210428,nm,322
20210428,po,104
20210428,sg,208
20210428,si,4581
20210428,za,114
20210427,ce,539
20210427,kk,187
20210427,kp,166
20210427,kr,397
20210427,lj,914
20210427,mb,898
20210427,ms,446
20210427,ng,276
20210427,nm,322
20210427,po,104
20210427,sg,208
20210427,si,4572
20210427,za,114
20210426,ce,537
20210426,kk,185
20210426,kp,166
20210426,kr,397
20210426,lj,911
20210426,mb,897
20210426,ms,445
20210426,ng,276
20210426,nm,320
20210426,po,104
20210426,sg,207
20210426,si,4560
20210426,za,114
20210425,ce,537
20210425,kk,185
20210425,kp,166
20210425,kr,397
20210425,lj,911
20210425,mb,896
20210425,ms,445
20210425,ng,276
20210425,nm,320
20210425,po,104
20210425,sg,206
20210425,si,4558
20210425,za,114
20210424,ce,536
20210424,kk,185
20210424,kp,165
20210424,kr,396
20210424,lj,907
20210424,mb,896
20210424,ms,444
20210424,ng,276
20210424,nm,319
20210424,po,104
20210424,sg,206
20210424,si,4549
20210424,za,114
20210423,ce,534
20210423,kk,184
20210423,kp,165
20210423,kr,395
20210423,lj,906
20210423,mb,895
20210423,ms,444
20210423,ng,276
20210423,nm,318
20210423,po,104
20210423,sg,206
20210423,si,4542
20210423,za,114
20210422,ce,531
20210422,kk,184
20210422,kp,165
20210422,kr,394
20210422,lj,904
20210422,mb,894
20210422,ms,444
20210422,ng,276
20210422,nm,317
20210422,po,103
20210422,sg,206
20210422,si,4533
20210422,za,114
20210421,ce,531
20210421,kk,183
20210421,kp,165
20210421,kr,394
20210421,lj,904
20210421,mb,894
20210421,ms,443
20210421,ng,276
20210421,nm,317
20210421,po,103
20210421,sg,206
20210421,si,4531
20210421,za,114
20210420,ce,526
20210420,kk,181
20210420,kp,165
20210420,kr,393
20210420,lj,903
20210420,mb,892
20210420,ms,442
20210420,ng,276
20210420,nm,316
20210420,po,102
20210420,sg,206
20210420,si,4517
20210420,za,114
20210419,ce,526
20210419,kk,181
20210419,kp,165
20210419,kr,393
20210419,lj,902
20210419,mb,891
20210419,ms,442
20210419,ng,273
20210419,nm,316
20210419,po,102
20210419,sg,206
20210419,si,4512
20210419,za,114
20210418,ce,521
20210418,kk,181
20210418,kp,165
20210418,kr,393
20210418,lj,900
20210418,mb,890
20210418,ms,442
20210418,ng,273
20210418,nm,316
20210418,po,102
20210418,sg,206
20210418,si,4504
20210418,za,114
20210417,ce,518
20210417,kk,179
20210417,kp,165
20210417,kr,393
20210417,lj,899
20210417,mb,890
20210417,ms,442
20210417,ng,273
20210417,nm,315
20210417,po,102
20210417,sg,205
20210417,si,4495
20210417,za,113
20210416,ce,518
20210416,kk,177
20210416,kp,165
20210416,kr,392
20210416,lj,899
20210416,mb,889
20210416,ms,442
20210416,ng,273
20210416,nm,315
20210416,po,102
20210416,sg,205
20210416,si,4491
20210416,za,113
20210415,ce,516
20210415,kk,177
20210415,kp,165
20210415,kr,392
20210415,lj,899
20210415,mb,885
20210415,ms,442
20210415,ng,273
20210415,nm,315
20210415,po,102
20210415,sg,205
20210415,si,4484
20210415,za,112
20210414,ce,514
20210414,kk,176
20210414,kp,165
20210414,kr,388
20210414,lj,898
20210414,mb,885
20210414,ms,442
20210414,ng,273
20210414,nm,315
20210414,po,102
20210414,sg,205
20210414,si,4475
20210414,za,111
20210413,ce,512
20210413,kk,176
20210413,kp,165
20210413,kr,388
20210413,lj,897
20210413,mb,885
20210413,ms,442
20210413,ng,273
20210413,nm,314
20210413,po,102
20210413,sg,205
20210413,si,4471
20210413,za,111
20210412,ce,512
20210412,kk,176
20210412,kp,165
20210412,kr,387
20210412,lj,895
20210412,mb,883
20210412,ms,442
20210412,ng,272
20210412,nm,314
20210412,po,102
20210412,sg,205
20210412,si,4465
20210412,za,111
20210411,ce,510
20210411,kk,176
20210411,kp,165
20210411,kr,386
20210411,lj,895
20210411,mb,883
20210411,ms,442
20210411,ng,270
20210411,nm,313
20210411,po,101
20210411,sg,205
20210411,si,4458
20210411,za,111
20210410,ce,508
20210410,kk,176
20210410,kp,165
20210410,kr,386
20210410,lj,895
20210410,mb,882
20210410,ms,442
20210410,ng,268
20210410,nm,313
20210410,po,101
20210410,sg,205
20210410,si,4453
20210410,za,111
20210409,ce,508
20210409,kk,176
20210409,kp,165
20210409,kr,386
20210409,lj,895
20210409,mb,881
20210409,ms,440
20210409,ng,268
20210409,nm,313
20210409,po,101
20210409,sg,205
20210409,si,4449
20210409,za,110
20210408,ce,507
20210408,kk,175
20210408,kp,165
20210408,kr,385
20210408,lj,893
20210408,mb,876
20210408,ms,440
20210408,ng,267
20210408,nm,313
20210408,po,101
20210408,sg,204
20210408,si,4437
20210408,za,110
20210407,ce,507
20210407,kk,175
20210407,kp,165
20210407,kr,384
20210407,lj,893
20210407,mb,875
20210407,ms,440
20210407,ng,267
20210407,nm,313
20210407,po,101
20210407,sg,204
20210407,si,4434
20210407,za,109
20210406,ce,506
20210406,kk,175
20210406,kp,165
20210406,kr,384
20210406,lj,893
20210406,mb,871
20210406,ms,440
20210406,ng,267
20210406,nm,313
20210406,po,101
20210406,sg,204
20210406,si,4429
20210406,za,109
20210405,ce,504
20210405,kk,175
20210405,kp,165
20210405,kr,384
20210405,lj,893
20210405,mb,869
20210405,ms,439
20210405,ng,267
20210405,nm,313
20210405,po,101
20210405,sg,203
20210405,si,4423
20210405,za,109
20210404,ce,503
20210404,kk,174
20210404,kp,165
20210404,kr,383
20210404,lj,892
20210404,mb,865
20210404,ms,439
20210404,ng,267
20210404,nm,313
20210404,po,101
20210404,sg,203
20210404,si,4415
20210404,za,109
20210403,ce,502
20210403,kk,174
20210403,kp,165
20210403,kr,383
20210403,lj,892
20210403,mb,863
20210403,ms,439
20210403,ng,266
20210403,nm,313
20210403,po,101
20210403,sg,202
20210403,si,4410
20210403,za,109
20210402,ce,501
20210402,kk,174
20210402,kp,163
20210402,kr,382
20210402,lj,891
20210402,mb,860
20210402,ms,439
20210402,ng,265
20210402,nm,313
20210402,po,101
20210402,sg,202
20210402,si,4401
20210402,za,109
20210401,ce,500
20210401,kk,174
20210401,kp,163
20210401,kr,382
20210401,lj,889
20210401,mb,857
20210401,ms,439
20210401,ng,265
20210401,nm,313
20210401,po,101
20210401,sg,202
20210401,si,4395
20210401,za,109
20210331,ce,498
20210331,kk,174
20210331,kp,162
20210331,kr,382
20210331,lj,889
20210331,mb,853
20210331,ms,438
20210331,ng,264
20210331,nm,313
20210331,po,101
20210331,sg,201
20210331,si,4384
20210331,za,108
20210330,ce,498
20210330,kk,174
20210330,kp,162
20210330,kr,382
20210330,lj,886
20210330,mb,850
20210330,ms,438
20210330,ng,263
20210330,nm,313
20210330,po,101
20210330,sg,201
20210330,si,4377
20210330,za,108
20210329,ce,493
20210329,kk,174
20210329,kp,161
20210329,kr,382
20210329,lj,886
20210329,mb,847
20210329,ms,438
20210329,ng,263
20210329,nm,313
20210329,po,100
20210329,sg,200
20210329,si,4365
20210329,za,107
20210328,ce,492
20210328,kk,174
20210328,kp,161
20210328,kr,380
20210328,lj,885
20210328,mb,845
20210328,ms,437
20210328,ng,260
20210328,nm,312
20210328,po,100
20210328,sg,200
20210328,si,4354
20210328,za,107
20210327,ce,492
20210327,kk,174
20210327,kp,161
20210327,kr,379
20210327,lj,883
20210327,mb,844
20210327,ms,437
20210327,ng,260
20210327,nm,311
20210327,po,100
20210327,sg,200
20210327,si,4348
20210327,za,106
20210326,ce,491
20210326,kk,174
20210326,kp,161
20210326,kr,378
20210326,lj,882
20210326,mb,844
20210326,ms,435
20210326,ng,260
20210326,nm,311
20210326,po,100
20210326,sg,199
20210326,si,4342
20210326,za,106
20210325,ce,488
20210325,kk,174
20210325,kp,161
20210325,kr,378
20210325,lj,882
20210325,mb,843
20210325,ms,434
20210325,ng,260
20210325,nm,311
20210325,po,100
20210325,sg,198
20210325,si,4336
20210325,za,106
20210324,ce,488
20210324,kk,174
20210324,kp,160
20210324,kr,377
20210324,lj,882
20210324,mb,839
20210324,ms,434
20210324,ng,259
20210324,nm,311
20210324,po,100
20210324,sg,197
20210324,si,4327
20210324,za,105
20210323,ce,488
20210323,kk,174
20210323,kp,160
20210323,kr,375
20210323,lj,881
20210323,mb,838
20210323,ms,433
20210323,ng,258
20210323,nm,311
20210323,po,100
20210323,sg,197
20210323,si,4321
20210323,za,105
20210322,ce,488
20210322,kk,174
20210322,kp,160
20210322,kr,375
20210322,lj,881
20210322,mb,836
20210322,ms,432
20210322,ng,256
20210322,nm,310
20210322,po,99
20210322,sg,196
20210322,si,4310
20210322,za,102
20210321,ce,488
20210321,kk,174
20210321,kp,160
20210321,kr,374
20210321,lj,880
20210321,mb,833
20210321,ms,431
20210321,ng,255
20210321,nm,310
20210321,po,99
20210321,sg,195
20210321,si,4302
20210321,za,102
20210320,ce,487
20210320,kk,174
20210320,kp,160
20210320,kr,374
20210320,lj,878
20210320,mb,832
20210320,ms,430
20210320,ng,254
20210320,nm,310
20210320,po,98
20210320,sg,195
20210320,si,4294
20210320,za,101
20210319,ce,487
20210319,kk,174
20210319,kp,160
20210319,kr,374
20210319,lj,877
20210319,mb,829
20210319,ms,429
20210319,ng,254
20210319,nm,310
20210319,po,97
20210319,sg,195
20210319,si,4288
20210319,za,101
20210318,ce,486
20210318,kk,174
20210318,kp,160
20210318,kr,374
20210318,lj,874
20210318,mb,823
20210318,ms,429
20210318,ng,254
20210318,nm,310
20210318,po,97
20210318,sg,195
20210318,si,4278
20210318,za,101
20210317,ce,485
20210317,kk,174
20210317,kp,160
20210317,kr,374
20210317,lj,874
20210317,mb,817
20210317,ms,429
20210317,ng,253
20210317,nm,310
20210317,po,97
20210317,sg,194
20210317,si,4268
20210317,za,100
20210316,ce,485
20210316,kk,174
20210316,kp,160
20210316,kr,373
20210316,lj,874
20210316,mb,816
20210316,ms,428
20210316,ng,253
20210316,nm,310
20210316,po,97
20210316,sg,194
20210316,si,4265
20210316,za,100
20210315,ce,483
20210315,kk,174
20210315,kp,159
20210315,kr,373
20210315,lj,873
20210315,mb,815
20210315,ms,428
20210315,ng,253
20210315,nm,310
20210315,po,96
20210315,sg,192
20210315,si,4257
20210315,za,100
20210314,ce,480
20210314,kk,174
20210314,kp,159
20210314,kr,373
20210314,lj,872
20210314,mb,815
20210314,ms,428
20210314,ng,253
20210314,nm,310
20210314,po,96
20210314,sg,192
20210314,si,4253
20210314,za,100
20210313,ce,480
20210313,kk,174
20210313,kp,158
20210313,kr,373
20210313,lj,871
20210313,mb,815
20210313,ms,428
20210313,ng,253
20210313,nm,310
20210313,po,95
20210313,sg,192
20210313,si,4249
20210313,za,99
20210312,ce,480
20210312,kk,173
20210312,kp,157
20210312,kr,372
20210312,lj,871
20210312,mb,814
20210312,ms,428
20210312,ng,253
20210312,nm,310
20210312,po,95
20210312,sg,192
20210312,si,4245
20210312,za,99
20210311,ce,478
20210311,kk,173
20210311,kp,157
20210311,kr,372
20210311,lj,870
20210311,mb,813
20210311,ms,428
20210311,ng,253
20210311,nm,309
20210311,po,95
20210311,sg,192
20210311,si,4240
20210311,za,99
20210310,ce,477
20210310,kk,173
20210310,kp,157
20210310,kr,371
20210310,lj,870
20210310,mb,813
20210310,ms,426
20210310,ng,252
20210310,nm,309
20210310,po,95
20210310,sg,191
20210310,si,4233
20210310,za,98
20210309,ce,476
20210309,kk,173
20210309,kp,157
20210309,kr,370
20210309,lj,868
20210309,mb,809
20210309,ms,426
20210309,ng,251
20210309,nm,308
20210309,po,95
20210309,sg,189
20210309,si,4221
20210309,za,98
20210308,ce,474
20210308,kk,173
20210308,kp,157
20210308,kr,370
20210308,lj,868
20210308,mb,807
20210308,ms,425
20210308,ng,250
20210308,nm,308
20210308,po,95
20210308,sg,188
20210308,si,4214
20210308,za,98
20210307,ce,473
20210307,kk,173
20210307,kp,157
20210307,kr,369
20210307,lj,868
20210307,mb,805
20210307,ms,425
20210307,ng,248
20210307,nm,308
20210307,po,94
20210307,sg,188
20210307,si,4207
20210307,za,98
20210306,ce,473
20210306,kk,173
20210306,kp,157
20210306,kr,369
20210306,lj,868
20210306,mb,804
20210306,ms,423
20210306,ng,248
20210306,nm,308
20210306,po,94
20210306,sg,188
20210306,si,4204
20210306,za,98
20210305,ce,473
20210305,kk,173
20210305,kp,157
20210305,kr,369
20210305,lj,868
20210305,mb,803
20210305,ms,422
20210305,ng,247
20210305,nm,308
20210305,po,93
20210305,sg,188
20210305,si,4200
20210305,za,98
20210304,ce,471
20210304,kk,173
20210304,kp,157
20210304,kr,369
20210304,lj,868
20210304,mb,803
20210304,ms,422
20210304,ng,247
20210304,nm,308
20210304,po,93
20210304,sg,188
20210304,si,4198
20210304,za,98
20210303,ce,471
20210303,kk,173
20210303,kp,157
20210303,kr,369
20210303,lj,866
20210303,mb,803
20210303,ms,419
20210303,ng,245
20210303,nm,308
20210303,po,93
20210303,sg,188
20210303,si,4191
20210303,za,98
20210302,ce,469
20210302,kk,173
20210302,kp,157
20210302,kr,368
20210302,lj,866
20210302,mb,799
20210302,ms,418
20210302,ng,244
20210302,nm,308
20210302,po,93
20210302,sg,188
20210302,si,4182
20210302,za,98
20210301,ce,468
20210301,kk,173
20210301,kp,156
20210301,kr,368
20210301,lj,866
20210301,mb,799
20210301,ms,415
20210301,ng,244
20210301,nm,308
20210301,po,92
20210301,sg,188
20210301,si,4175
20210301,za,97
20210228,ce,468
20210228,kk,173
20210228,kp,155
20210228,kr,367
20210228,lj,866
20210228,mb,797
20210228,ms,415
20210228,ng,242
20210228,nm,308
20210228,po,92
20210228,sg,188
20210228,si,4169
20210228,za,97
20210227,ce,468
20210227,kk,173
20210227,kp,155
20210227,kr,364
20210227,lj,865
20210227,mb,793
20210227,ms,414
20210227,ng,241
20210227,nm,308
20210227,po,92
20210227,sg,187
20210227,si,4158
20210227,za,97
20210226,ce,465
20210226,kk,173
20210226,kp,155
20210226,kr,364
20210226,lj,865
20210226,mb,789
20210226,ms,412
20210226,ng,240
20210226,nm,308
20210226,po,92
20210226,sg,187
20210226,si,4148
20210226,za,97
20210225,ce,464
20210225,kk,172
20210225,kp,155
20210225,kr,363
20210225,lj,863
20210225,mb,787
20210225,ms,411
20210225,ng,240
20210225,nm,308
20210225,po,91
20210225,sg,186
20210225,si,4138
20210225,za,97
20210224,ce,462
20210224,kk,172
20210224,kp,155
20210224,kr,362
20210224,lj,862
20210224,mb,783
20210224,ms,410
20210224,ng,239
20210224,nm,308
20210224,po,91
20210224,sg,186
20210224,si,4126
20210224,za,95
20210223,ce,462
20210223,kk,172
20210223,kp,154
20210223,kr,362
20210223,lj,859
20210223,mb,782
20210223,ms,409
20210223,ng,238
20210223,nm,308
20210223,po,91
20210223,sg,186
20210223,si,4119
20210223,za,95
20210222,ce,461
20210222,kk,172
20210222,kp,154
20210222,kr,362
20210222,lj,855
20210222,mb,780
20210222,ms,408
20210222,ng,237
20210222,nm,308
20210222,po,91
20210222,sg,185
20210222,si,4109
20210222,za,95
20210221,ce,459
20210221,kk,172
20210221,kp,154
20210221,kr,361
20210221,lj,853
20210221,mb,779
20210221,ms,408
20210221,ng,237
20210221,nm,308
20210221,po,91
20210221,sg,185
20210221,si,4103
20210221,za,95
20210220,ce,459
20210220,kk,172
20210220,kp,154
20210220,kr,361
20210220,lj,852
20210220,mb,777
20210220,ms,407
20210220,ng,236
20210220,nm,308
20210220,po,91
20210220,sg,185
20210220,si,4098
20210220,za,95
20210219,ce,459
20210219,kk,172
20210219,kp,153
20210219,kr,361
20210219,lj,852
20210219,mb,776
20210219,ms,405
20210219,ng,236
20210219,nm,308
20210219,po,91
20210219,sg,185
20210219,si,4094
20210219,za,95
20210218,ce,458
20210218,kk,171
20210218,kp,153
20210218,kr,359
20210218,lj,851
20210218,mb,774
20210218,ms,405
20210218,ng,236
20210218,nm,308
20210218,po,91
20210218,sg,185
20210218,si,4087
20210218,za,95
20210217,ce,458
20210217,kk,171
20210217,kp,152
20210217,kr,359
20210217,lj,851
20210217,mb,771
20210217,ms,404
20210217,ng,236
20210217,nm,308
20210217,po,91
20210217,sg,185
20210217,si,4082
20210217,za,95
20210216,ce,458
20210216,kk,170
20210216,kp,152
20210216,kr,357
20210216,lj,849
20210216,mb,770
20210216,ms,404
20210216,ng,235
20210216,nm,308
20210216,po,91
20210216,sg,185
20210216,si,4074
20210216,za,94
20210215,ce,457
20210215,kk,170
20210215,kp,152
20210215,kr,355
20210215,lj,849
20210215,mb,770
20210215,ms,403
20210215,ng,235
20210215,nm,308
20210215,po,91
20210215,sg,183
20210215,si,4068
20210215,za,94
20210214,ce,455
20210214,kk,170
20210214,kp,152
20210214,kr,353
20210214,lj,849
20210214,mb,770
20210214,ms,402
20210214,ng,235
20210214,nm,308
20210214,po,91
20210214,sg,182
20210214,si,4062
20210214,za,94
20210213,ce,455
20210213,kk,170
20210213,kp,150
20210213,kr,353
20210213,lj,849
20210213,mb,768
20210213,ms,399
20210213,ng,235
20210213,nm,308
20210213,po,90
20210213,sg,182
20210213,si,4052
20210213,za,92
20210212,ce,455
20210212,kk,170
20210212,kp,150
20210212,kr,352
20210212,lj,845
20210212,mb,767
20210212,ms,397
20210212,ng,235
20210212,nm,307
20210212,po,90
20210212,sg,182
20210212,si,4043
20210212,za,92
20210211,ce,454
20210211,kk,169
20210211,kp,150
20210211,kr,351
20210211,lj,842
20210211,mb,764
20210211,ms,394
20210211,ng,234
20210211,nm,306
20210211,po,90
20210211,sg,181
20210211,si,4028
20210211,za,92
20210210,ce,453
20210210,kk,169
20210210,kp,149
20210210,kr,350
20210210,lj,841
20210210,mb,759
20210210,ms,391
20210210,ng,233
20210210,nm,305
20210210,po,90
20210210,sg,180
20210210,si,4012
20210210,za,91
20210209,ce,452
20210209,kk,169
20210209,kp,149
20210209,kr,349
20210209,lj,838
20210209,mb,756
20210209,ms,389
20210209,ng,233
20210209,nm,305
20210209,po,90
20210209,sg,180
20210209,si,4002
20210209,za,91
20210208,ce,451
20210208,kk,169
20210208,kp,147
20210208,kr,347
20210208,lj,835
20210208,mb,755
20210208,ms,388
20210208,ng,232
20210208,nm,304
20210208,po,90
20210208,sg,180
20210208,si,3990
20210208,za,91
20210207,ce,448
20210207,kk,167
20210207,kp,147
20210207,kr,345
20210207,lj,833
20210207,mb,754
20210207,ms,386
20210207,ng,231
20210207,nm,301
20210207,po,89
20210207,sg,180
20210207,si,3972
20210207,za,90
20210206,ce,448
20210206,kk,166
20210206,kp,147
20210206,kr,344
20210206,lj,831
20210206,mb,750
20210206,ms,386
20210206,ng,231
20210206,nm,301
20210206,po,89
20210206,sg,180
20210206,si,3964
20210206,za,90
20210205,ce,444
20210205,kk,165
20210205,kp,143
20210205,kr,344
20210205,lj,830
20210205,mb,747
20210205,ms,383
20210205,ng,231
20210205,nm,301
20210205,po,89
20210205,sg,180
20210205,si,3947
20210205,za,89
20210204,ce,441
20210204,kk,164
20210204,kp,143
20210204,kr,343
20210204,lj,830
20210204,mb,743
20210204,ms,382
20210204,ng,231
20210204,nm,300
20210204,po,89
20210204,sg,180
20210204,si,3934
20210204,za,87
20210203,ce,439
20210203,kk,164
20210203,kp,143
20210203,kr,342
20210203,lj,828
20210203,mb,738
20210203,ms,382
20210203,ng,230
20210203,nm,299
20210203,po,88
20210203,sg,180
20210203,si,3919
20210203,za,85
20210202,ce,438
20210202,kk,162
20210202,kp,142
20210202,kr,339
20210202,lj,826
20210202,mb,732
20210202,ms,378
20210202,ng,229
20210202,nm,296
20210202,po,87
20210202,sg,179
20210202,si,3894
20210202,za,85
20210201,ce,432
20210201,kk,162
20210201,kp,140
20210201,kr,336
20210201,lj,822
20210201,mb,727
20210201,ms,377
20210201,ng,228
20210201,nm,296
20210201,po,87
20210201,sg,179
20210201,si,3870
20210201,za,83
20210131,ce,430
20210131,kk,162
20210131,kp,138
20210131,kr,336
20210131,lj,819
20210131,mb,724
20210131,ms,373
20210131,ng,227
20210131,nm,296
20210131,po,87
20210131,sg,178
20210131,si,3854
20210131,za,83
20210130,ce,428
20210130,kk,160
20210130,kp,137
20210130,kr,333
20210130,lj,817
20210130,mb,719
20210130,ms,372
20210130,ng,224
20210130,nm,294
20210130,po,87
20210130,sg,178
20210130,si,3833
20210130,za,83
20210129,ce,426
20210129,kk,160
20210129,kp,136
20210129,kr,332
20210129,lj,811
20210129,mb,716
20210129,ms,372
20210129,ng,222
20210129,nm,294
20210129,po,87
20210129,sg,176
20210129,si,3816
20210129,za,83
20210128,ce,424
20210128,kk,158
20210128,kp,132
20210128,kr,331
20210128,lj,808
20210128,mb,713
20210128,ms,368
20210128,ng,222
20210128,nm,294
20210128,po,87
20210128,sg,175
20210128,si,3794
20210128,za,81
20210127,ce,421
20210127,kk,156
20210127,kp,130
20210127,kr,329
20210127,lj,805
20210127,mb,705
20210127,ms,368
20210127,ng,221
20210127,nm,291
20210127,po,86
20210127,sg,175
20210127,si,3768
20210127,za,80
20210126,ce,417
20210126,kk,154
20210126,kp,129
20210126,kr,329
20210126,lj,804
20210126,mb,703
20210126,ms,367
20210126,ng,219
20210126,nm,289
20210126,po,85
20210126,sg,175
20210126,si,3752
20210126,za,80
20210125,ce,417
20210125,kk,154
20210125,kp,127
20210125,kr,327
20210125,lj,798
20210125,mb,698
20210125,ms,365
20210125,ng,216
20210125,nm,289
20210125,po,85
20210125,sg,173
20210125,si,3728
20210125,za,78
20210124,ce,413
20210124,kk,154
20210124,kp,126
20210124,kr,325
20210124,lj,792
20210124,mb,695
20210124,ms,363
20210124,ng,213
20210124,nm,288
20210124,po,84
20210124,sg,173
20210124,si,3705
20210124,za,78
20210123,ce,413
20210123,kk,153
20210123,kp,124
20210123,kr,322
20210123,lj,790
20210123,mb,694
20210123,ms,359
20210123,ng,207
20210123,nm,285
20210123,po,84
20210123,sg,172
20210123,si,3681
20210123,za,77
20210122,ce,410
20210122,kk,150
20210122,kp,123
20210122,kr,318
20210122,lj,783
20210122,mb,688
20210122,ms,357
20210122,ng,206
20210122,nm,284
20210122,po,84
20210122,sg,170
20210122,si,3651
20210122,za,77
20210121,ce,409
20210121,kk,147
20210121,kp,122
20210121,kr,318
20210121,lj,776
20210121,mb,681
20210121,ms,356
20210121,ng,202
20210121,nm,283
20210121,po,84
20210121,sg,169
20210121,si,3624
20210121,za,76
20210120,ce,406
20210120,kk,147
20210120,kp,122
20210120,kr,316
20210120,lj,771
20210120,mb,677
20210120,ms,356
20210120,ng,197
20210120,nm,279
20210120,po,84
20210120,sg,169
20210120,si,3600
20210120,za,75
20210119,ce,400
20210119,kk,144
20210119,kp,122
20210119,kr,316
20210119,lj,766
20210119,mb,672
20210119,ms,353
20210119,ng,196
20210119,nm,277
20210119,po,83
20210119,sg,169
20210119,si,3571
20210119,za,72
20210118,ce,396
20210118,kk,140
20210118,kp,119
20210118,kr,314
20210118,lj,764
20210118,mb,667
20210118,ms,352
20210118,ng,195
20210118,nm,275
20210118,po,83
20210118,sg,169
20210118,si,3546
20210118,za,71
20210117,ce,393
20210117,kk,138
20210117,kp,119
20210117,kr,313
20210117,lj,758
20210117,mb,662
20210117,ms,351
20210117,ng,194
20210117,nm,270
20210117,po,83
20210117,sg,169
20210117,si,3518
20210117,za,67
20210116,ce,386
20210116,kk,136
20210116,kp,118
20210116,kr,309
20210116,lj,753
20210116,mb,657
20210116,ms,350
20210116,ng,191
20210116,nm,268
20210116,po,83
20210116,sg,168
20210116,si,3487
20210116,za,67
20210115,ce,382
20210115,kk,134
20210115,kp,117
20210115,kr,307
20210115,lj,746
20210115,mb,648
20210115,ms,349
20210115,ng,188
20210115,nm,266
20210115,po,83
20210115,sg,166
20210115,si,3453
20210115,za,66
20210114,ce,382
20210114,kk,131
20210114,kp,116
20210114,kr,304
20210114,lj,738
20210114,mb,647
20210114,ms,346
20210114,ng,181
20210114,nm,265
20210114,po,83
20210114,sg,164
20210114,si,3423
20210114,za,65
20210113,ce,379
20210113,kk,129
20210113,kp,115
20210113,kr,301
20210113,lj,736
20210113,mb,638
20210113,ms,345
20210113,ng,179
20210113,nm,264
20210113,po,82
20210113,sg,164
20210113,si,3398
20210113,za,65
20210112,ce,378
20210112,kk,128
20210112,kp,115
20210112,kr,301
20210112,lj,731
20210112,mb,634
20210112,ms,344
20210112,ng,178
20210112,nm,260
20210112,po,82
20210112,sg,162
20210112,si,3379
20210112,za,65
20210111,ce,374
20210111,kk,126
20210111,kp,115
20210111,kr,301
20210111,lj,727
20210111,mb,632
20210111,ms,341
20210111,ng,177
20210111,nm,256
20210111,po,82
20210111,sg,159
20210111,si,3356
20210111,za,65
20210110,ce,367
20210110,kk,125
20210110,kp,115
20210110,kr,297
20210110,lj,722
20210110,mb,625
20210110,ms,338
20210110,ng,177
20210110,nm,255
20210110,po,81
20210110,sg,159
20210110,si,3327
20210110,za,65
20210109,ce,365
20210109,kk,123
20210109,kp,115
20210109,kr,297
20210109,lj,715
20210109,mb,622
20210109,ms,336
20210109,ng,176
20210109,nm,253
20210109,po,81
20210109,sg,158
20210109,si,3307
20210109,za,65
20210108,ce,361
20210108,kk,122
20210108,kp,114
20210108,kr,296
20210108,lj,706
20210108,mb,612
20210108,ms,335
20210108,ng,174
20210108,nm,250
20210108,po,81
20210108,sg,157
20210108,si,3274
20210108,za,65
20210107,ce,355
20210107,kk,122
20210107,kp,113
20210107,kr,295
20210107,lj,699
20210107,mb,605
20210107,ms,335
20210107,ng,171
20210107,nm,248
20210107,po,81
20210107,sg,156
20210107,si,3246
20210107,za,65
20210106,ce,354
20210106,kk,120
20210106,kp,112
20210106,kr,293
20210106,lj,694
20210106,mb,599
20210106,ms,335
20210106,ng,166
20210106,nm,244
20210106,po,80
20210106,sg,155
20210106,si,3217
20210106,za,64
20210105,ce,351
20210105,kk,119
20210105,kp,111
20210105,kr,291
20210105,lj,692
20210105,mb,593
20210105,ms,333
20210105,ng,165
20210105,nm,243
20210105,po,80
20210105,sg,152
20210105,si,3193
20210105,za,62
20210104,ce,348
20210104,kk,117
20210104,kp,111
20210104,kr,289
20210104,lj,684
20210104,mb,581
20210104,ms,331
20210104,ng,165
20210104,nm,238
20210104,po,79
20210104,sg,151
20210104,si,3156
20210104,za,61
20210103,ce,344
20210103,kk,115
20210103,kp,110
20210103,kr,289
20210103,lj,675
20210103,mb,576
20210103,ms,330
20210103,ng,163
20210103,nm,234
20210103,po,79
20210103,sg,150
20210103,si,3126
20210103,za,60
20210102,ce,338
20210102,kk,114
20210102,kp,110
20210102,kr,287
20210102,lj,663
20210102,mb,573
20210102,ms,326
20210102,ng,161
20210102,nm,233
20210102,po,79
20210102,sg,149
20210102,si,3093
20210102,za,59
20210101,ce,333
20210101,kk,113
20210101,kp,109
20210101,kr,287
20210101,lj,654
20210101,mb,565
20210101,ms,325
20210101,ng,161
20210101,nm,227
20210101,po,77
20210101,sg,148
20210101,si,3058
20210101,za,58
20201231,ce,331
20201231,kk,113
20201231,kp,107
20201231,kr,284
20201231,lj,639
20201231,mb,561
20201231,ms,321
20201231,ng,161
20201231,nm,225
20201231,po,76
20201231,sg,148
20201231,si,3023
20201231,za,56
20201230,ce,319
20201230,kk,109
20201230,kp,105
20201230,kr,282
20201230,lj,630
20201230,mb,559
20201230,ms,318
20201230,ng,160
20201230,nm,223
20201230,po,76
20201230,sg,146
20201230,si,2981
20201230,za,53
20201229,ce,314
20201229,kk,108
20201229,kp,104
20201229,kr,281
20201229,lj,625
20201229,mb,554
20201229,ms,312
20201229,ng,160
20201229,nm,220
20201229,po,76
20201229,sg,146
20201229,si,2953
20201229,za,52
20201228,ce,310
20201228,kk,106
20201228,kp,102
20201228,kr,281
20201228,lj,613
20201228,mb,550
20201228,ms,309
20201228,ng,160
20201228,nm,217
20201228,po,76
20201228,sg,145
20201228,si,2922
20201228,za,52
20201227,ce,306
20201227,kk,106
20201227,kp,98
20201227,kr,278
20201227,lj,601
20201227,mb,543
20201227,ms,304
20201227,ng,157
20201227,nm,213
20201227,po,74
20201227,sg,145
20201227,si,2878
20201227,za,52
20201226,ce,302
20201226,kk,105
20201226,kp,94
20201226,kr,275
20201226,lj,592
20201226,mb,532
20201226,ms,299
20201226,ng,156
20201226,nm,209
20201226,po,73
20201226,sg,142
20201226,si,2830
20201226,za,50
20201225,ce,299
20201225,kk,103
20201225,kp,92
20201225,kr,274
20201225,lj,584
20201225,mb,529
20201225,ms,296
20201225,ng,154
20201225,nm,207
20201225,po,72
20201225,sg,142
20201225,si,2803
20201225,za,50
20201224,ce,297
20201224,kk,102
20201224,kp,91
20201224,kr,273
20201224,lj,576
20201224,mb,518
20201224,ms,293
20201224,ng,153
20201224,nm,203
20201224,po,72
20201224,sg,141
20201224,si,2770
20201224,za,50
20201223,ce,289
20201223,kk,99
20201223,kp,86
20201223,kr,270
20201223,lj,572
20201223,mb,512
20201223,ms,291
20201223,ng,152
20201223,nm,201
20201223,po,71
20201223,sg,141
20201223,si,2735
20201223,za,50
20201222,ce,283
20201222,kk,99
20201222,kp,79
20201222,kr,268
20201222,lj,569
20201222,mb,506
20201222,ms,287
20201222,ng,152
20201222,nm,199
20201222,po,71
20201222,sg,140
20201222,si,2703
20201222,za,49
20201221,ce,279
20201221,kk,98
20201221,kp,77
20201221,kr,264
20201221,lj,564
20201221,mb,498
20201221,ms,286
20201221,ng,147
20201221,nm,199
20201221,po,68
20201221,sg,137
20201221,si,2666
20201221,za,48
20201220,ce,274
20201220,kk,97
20201220,kp,74
20201220,kr,264
20201220,lj,551
20201220,mb,488
20201220,ms,284
20201220,ng,144
20201220,nm,194
20201220,po,67
20201220,sg,136
20201220,si,2621
20201220,za,47
20201219,ce,273
20201219,kk,94
20201219,kp,71
20201219,kr,261
20201219,lj,546
20201219,mb,483
20201219,ms,281
20201219,ng,142
20201219,nm,194
20201219,po,65
20201219,sg,136
20201219,si,2594
20201219,za,47
20201218,ce,269
20201218,kk,94
20201218,kp,69
20201218,kr,260
20201218,lj,535
20201218,mb,473
20201218,ms,278
20201218,ng,139
20201218,nm,192
20201218,po,62
20201218,sg,135
20201218,si,2554
20201218,za,47
20201217,ce,265
20201217,kk,92
20201217,kp,67
20201217,kr,259
20201217,lj,525
20201217,mb,465
20201217,ms,274
20201217,ng,135
20201217,nm,188
20201217,po,62
20201217,sg,133
20201217,si,2512
20201217,za,46
20201216,ce,264
20201216,kk,90
20201216,kp,65
20201216,kr,257
20201216,lj,511
20201216,mb,458
20201216,ms,270
20201216,ng,133
20201216,nm,187
20201216,po,58
20201216,sg,133
20201216,si,2473
20201216,za,46
20201215,ce,261
20201215,kk,89
20201215,kp,64
20201215,kr,254
20201215,lj,496
20201215,mb,449
20201215,ms,266
20201215,ng,131
20201215,nm,186
20201215,po,55
20201215,sg,133
20201215,si,2431
20201215,za,46
20201214,ce,258
20201214,kk,87
20201214,kp,61
20201214,kr,252
20201214,lj,480
20201214,mb,436
20201214,ms,262
20201214,ng,129
20201214,nm,182
20201214,po,55
20201214,sg,130
20201214,si,2379
20201214,za,46
20201213,ce,257
20201213,kk,86
20201213,kp,58
20201213,kr,247
20201213,lj,459
20201213,mb,423
20201213,ms,257
20201213,ng,126
20201213,nm,182
20201213,po,53
20201213,sg,129
20201213,si,2324
20201213,za,46
20201212,ce,255
20201212,kk,85
20201212,kp,56
20201212,kr,244
20201212,lj,450
20201212,mb,409
20201212,ms,256
20201212,ng,123
20201212,nm,179
20201212,po,49
20201212,sg,127
20201212,si,2278
20201212,za,44
20201211,ce,251
20201211,kk,84
20201211,kp,54
20201211,kr,240
20201211,lj,445
20201211,mb,396
20201211,ms,256
20201211,ng,119
20201211,nm,178
20201211,po,45
20201211,sg,126
20201211,si,2239
20201211,za,44
20201210,ce,248
20201210,kk,83
20201210,kp,52
20201210,kr,235
20201210,lj,433
20201210,mb,387
20201210,ms,252
20201210,ng,112
20201210,nm,175
20201210,po,40
20201210,sg,124
20201210,si,2186
20201210,za,44
20201209,ce,243
20201209,kk,83
20201209,kp,48
20201209,kr,232
20201209,lj,419
20201209,mb,375
20201209,ms,246
20201209,ng,109
20201209,nm,170
20201209,po,36
20201209,sg,123
20201209,si,2129
20201209,za,44
20201208,ce,238
20201208,kk,81
20201208,kp,42
20201208,kr,230
20201208,lj,409
20201208,mb,360
20201208,ms,243
20201208,ng,102
20201208,nm,169
20201208,po,34
20201208,sg,121
20201208,si,2074
20201208,za,44
20201207,ce,234
20201207,kk,79
20201207,kp,40
20201207,kr,229
20201207,lj,393
20201207,mb,352
20201207,ms,240
20201207,ng,100
20201207,nm,166
20201207,po,32
20201207,sg,121
20201207,si,2031
20201207,za,44
20201206,ce,228
20201206,kk,79
20201206,kp,39
20201206,kr,224
20201206,lj,378
20201206,mb,335
20201206,ms,234
20201206,ng,99
20201206,nm,163
20201206,po,29
20201206,sg,118
20201206,si,1971
20201206,za,44
20201205,ce,220
20201205,kk,78
20201205,kp,36
20201205,kr,220
20201205,lj,364
20201205,mb,320
20201205,ms,227
20201205,ng,97
20201205,nm,161
20201205,po,28
20201205,sg,116
20201205,si,1912
20201205,za,44
20201204,ce,215
20201204,kk,78
20201204,kp,34
20201204,kr,215
20201204,lj,353
20201204,mb,307
20201204,ms,225
20201204,ng,94
20201204,nm,159
20201204,po,25
20201204,sg,114
20201204,si,1863
20201204,za,43
20201203,ce,211
20201203,kk,77
20201203,kp,31
20201203,kr,214
20201203,lj,339
20201203,mb,294
20201203,ms,222
20201203,ng,93
20201203,nm,157
20201203,po,24
20201203,sg,106
20201203,si,1812
20201203,za,43
20201202,ce,206
20201202,kk,74
20201202,kp,30
20201202,kr,209
20201202,lj,329
20201202,mb,279
20201202,ms,208
20201202,ng,87
20201202,nm,150
20201202,po,23
20201202,sg,101
20201202,si,1738
20201202,za,41
20201201,ce,199
20201201,kk,73
20201201,kp,29
20201201,kr,206
20201201,lj,320
20201201,mb,275
20201201,ms,202
20201201,ng,82
20201201,nm,145
20201201,po,20
20201201,sg,97
20201201,si,1689
20201201,za,40
20201130,ce,188
20201130,kk,73
20201130,kp,26
20201130,kr,204
20201130,lj,310
20201130,mb,261
20201130,ms,197
20201130,ng,77
20201130,nm,135
20201130,po,20
20201130,sg,94
20201130,si,1625
20201130,za,39
20201129,ce,182
20201129,kk,70
20201129,kp,22
20201129,kr,198
20201129,lj,302
20201129,mb,248
20201129,ms,188
20201129,ng,76
20201129,nm,130
20201129,po,19
20201129,sg,93
20201129,si,1567
20201129,za,38
20201128,ce,175
20201128,kk,69
20201128,kp,21
20201128,kr,194
20201128,lj,292
20201128,mb,241
20201128,ms,181
20201128,ng,69
20201128,nm,124
20201128,po,19
20201128,sg,92
20201128,si,1516
20201128,za,38
20201127,ce,173
20201127,kk,69
20201127,kp,19
20201127,kr,190
20201127,lj,280
20201127,mb,239
20201127,ms,170
20201127,ng,68
20201127,nm,118
20201127,po,16
20201127,sg,90
20201127,si,1470
20201127,za,37
20201126,ce,169
20201126,kk,68
20201126,kp,18
20201126,kr,186
20201126,lj,267
20201126,mb,224
20201126,ms,163
20201126,ng,64
20201126,nm,112
20201126,po,15
20201126,sg,87
20201126,si,1407
20201126,za,33
20201125,ce,166
20201125,kk,67
20201125,kp,15
20201125,kr,180
20201125,lj,260
20201125,mb,213
20201125,ms,155
20201125,ng,62
20201125,nm,108
20201125,po,15
20201125,sg,85
20201125,si,1360
20201125,za,33
20201124,ce,165
20201124,kk,65
20201124,kp,12
20201124,kr,175
20201124,lj,252
20201124,mb,200
20201124,ms,148
20201124,ng,58
20201124,nm,107
20201124,po,15
20201124,sg,79
20201124,si,1306
20201124,za,29
20201123,ce,162
20201123,kk,65
20201123,kp,11
20201123,kr,172
20201123,lj,247
20201123,mb,189
20201123,ms,139
20201123,ng,57
20201123,nm,103
20201123,po,15
20201123,sg,76
20201123,si,1262
20201123,za,25
20201122,ce,157
20201122,kk,63
20201122,kp,11
20201122,kr,162
20201122,lj,235
20201122,mb,177
20201122,ms,137
20201122,ng,51
20201122,nm,101
20201122,po,15
20201122,sg,72
20201122,si,1206
20201122,za,24
20201121,ce,152
20201121,kk,62
20201121,kp,11
20201121,kr,155
20201121,lj,223
20201121,mb,170
20201121,ms,132
20201121,ng,47
20201121,nm,93
20201121,po,14
20201121,sg,69
20201121,si,1153
20201121,za,24
20201120,ce,150
20201120,kk,62
20201120,kp,9
20201120,kr,154
20201120,lj,217
20201120,mb,167
20201120,ms,129
20201120,ng,46
20201120,nm,89
20201120,po,13
20201120,sg,67
20201120,si,1127
20201120,za,23
20201119,ce,147
20201119,kk,61
20201119,kp,9
20201119,kr,152
20201119,lj,204
20201119,mb,162
20201119,ms,121
20201119,ng,42
20201119,nm,86
20201119,po,12
20201119,sg,65
20201119,si,1084
20201119,za,22
20201118,ce,146
20201118,kk,61
20201118,kp,9
20201118,kr,146
20201118,lj,200
20201118,mb,155
20201118,ms,112
20201118,ng,40
20201118,nm,83
20201118,po,11
20201118,sg,61
20201118,si,1047
20201118,za,22
20201117,ce,142
20201117,kk,61
20201117,kp,7
20201117,kr,142
20201117,lj,194
20201117,mb,150
20201117,ms,106
20201117,ng,37
20201117,nm,77
20201117,po,9
20201117,sg,58
20201117,si,1004
20201117,za,20
20201116,ce,140
20201116,kk,61
20201116,kp,7
20201116,kr,136
20201116,lj,186
20201116,mb,138
20201116,ms,97
20201116,ng,33
20201116,nm,75
20201116,po,8
20201116,sg,57
20201116,si,959
20201116,za,20
20201115,ce,140
20201115,kk,61
20201115,kp,7
20201115,kr,131
20201115,lj,178
20201115,mb,132
20201115,ms,86
20201115,ng,31
20201115,nm,68
20201115,po,7
20201115,sg,54
20201115,si,915
20201115,za,19
20201114,ce,133
20201114,kk,60
20201114,kp,7
20201114,kr,128
20201114,lj,169
20201114,mb,127
20201114,ms,83
20201114,ng,30
20201114,nm,64
20201114,po,7
20201114,sg,53
20201114,si,881
20201114,za,19
20201113,ce,129
20201113,kk,60
20201113,kp,6
20201113,kr,121
20201113,lj,161
20201113,mb,123
20201113,ms,81
20201113,ng,28
20201113,nm,62
20201113,po,7
20201113,sg,51
20201113,si,849
20201113,za,19
20201112,ce,125
20201112,kk,58
20201112,kp,6
20201112,kr,117
20201112,lj,155
20201112,mb,115
20201112,ms,75
20201112,ng,25
20201112,nm,59
20201112,po,7
20201112,sg,48
20201112,si,808
20201112,za,17
20201111,ce,120
20201111,kk,57
20201111,kp,6
20201111,kr,110
20201111,lj,144
20201111,mb,109
20201111,ms,69
20201111,ng,25
20201111,nm,55
20201111,po,6
20201111,sg,46
20201111,si,765
20201111,za,17
20201110,ce,113
20201110,kk,57
20201110,kp,6
20201110,kr,105
20201110,lj,133
20201110,mb,96
20201110,ms,64
20201110,ng,24
20201110,nm,53
20201110,po,5
20201110,sg,43
20201110,si,716
20201110,za,16
20201109,ce,110
20201109,kk,56
20201109,kp,5
20201109,kr,95
20201109,lj,127
20201109,mb,89
20201109,ms,62
20201109,ng,19
20201109,nm,50
20201109,po,4
20201109,sg,39
20201109,si,673
20201109,za,16
20201108,ce,106
20201108,kk,56
20201108,kp,5
20201108,kr,92
20201108,lj,118
20201108,mb,88
20201108,ms,60
20201108,ng,16
20201108,nm,48
20201108,po,4
20201108,sg,37
20201108,si,645
20201108,za,15
20201107,ce,102
20201107,kk,55
20201107,kp,4
20201107,kr,91
20201107,lj,113
20201107,mb,84
20201107,ms,55
20201107,ng,15
20201107,nm,46
20201107,po,4
20201107,sg,36
20201107,si,619
20201107,za,14
20201106,ce,98
20201106,kk,55
20201106,kp,4
20201106,kr,89
20201106,lj,108
20201106,mb,79
20201106,ms,55
20201106,ng,14
20201106,nm,45
20201106,po,4
20201106,sg,33
20201106,si,598
20201106,za,14
20201105,ce,94
20201105,kk,54
20201105,kp,4
20201105,kr,82
20201105,lj,105
20201105,mb,71
20201105,ms,49
20201105,ng,12
20201105,nm,41
20201105,po,4
20201105,sg,33
20201105,si,563
20201105,za,14
20201104,ce,93
20201104,kk,51
20201104,kp,4
20201104,kr,78
20201104,lj,97
20201104,mb,67
20201104,ms,48
20201104,ng,12
20201104,nm,38
20201104,po,4
20201104,sg,30
20201104,si,535
20201104,za,13
20201103,ce,92
20201103,kk,51
20201103,kp,4
20201103,kr,72
20201103,lj,91
20201103,mb,60
20201103,ms,46
20201103,ng,11
20201103,nm,36
20201103,po,3
20201103,sg,26
20201103,si,504
20201103,za,12
20201102,ce,90
20201102,kk,49
20201102,kp,4
20201102,kr,64
20201102,lj,87
20201102,mb,51
20201102,ms,42
20201102,ng,11
20201102,nm,35
20201102,po,3
20201102,sg,25
20201102,si,473
20201102,za,12
20201101,ce,85
20201101,kk,47
20201101,kp,3
20201101,kr,60
20201101,lj,81
20201101,mb,47
20201101,ms,39
20201101,ng,9
20201101,nm,33
20201101,po,3
20201101,sg,24
20201101,si,441
20201101,za,10
20201031,ce,84
20201031,kk,43
20201031,kp,3
20201031,kr,55
20201031,lj,77
20201031,mb,41
20201031,ms,39
20201031,ng,8
20201031,nm,32
20201031,po,3
20201031,sg,23
20201031,si,418
20201031,za,10
20201030,ce,84
20201030,kk,38
20201030,kp,3
20201030,kr,49
20201030,lj,74
20201030,mb,36
20201030,ms,35
20201030,ng,8
20201030,nm,31
20201030,po,2
20201030,sg,21
20201030,si,391
20201030,za,10
20201029,ce,79
20201029,kk,37
20201029,kp,3
20201029,kr,44
20201029,lj,68
20201029,mb,32
20201029,ms,33
20201029,ng,8
20201029,nm,28
20201029,po,1
20201029,sg,21
20201029,si,364
20201029,za,10
20201028,ce,76
20201028,kk,35
20201028,kp,3
20201028,kr,39
20201028,lj,63
20201028,mb,29
20201028,ms,33
20201028,ng,7
20201028,nm,24
20201028,po,1
20201028,sg,19
20201028,si,339
20201028,za,10
20201027,ce,71
20201027,kk,29
20201027,kp,3
20201027,kr,37
20201027,lj,61
20201027,mb,27
20201027,ms,33
20201027,ng,7
20201027,nm,23
20201027,po,1
20201027,sg,17
20201027,si,319
20201027,za,10
20201026,ce,68
20201026,kk,26
20201026,kp,3
20201026,kr,35
20201026,lj,58
20201026,mb,27
20201026,ms,32
20201026,ng,7
20201026,nm,22
20201026,sg,15
20201026,si,303
20201026,za,10
20201025,ce,67
20201025,kk,22
20201025,kp,3
20201025,kr,30
20201025,lj,55
20201025,mb,27
20201025,ms,32
20201025,ng,7
20201025,nm,22
20201025,sg,13
20201025,si,288
20201025,za,10
20201024,ce,64
20201024,kk,18
20201024,kp,3
20201024,kr,27
20201024,lj,52
20201024,mb,25
20201024,ms,31
20201024,ng,7
20201024,nm,22
20201024,sg,12
20201024,si,271
20201024,za,10
20201023,ce,63
20201023,kk,16
20201023,kp,3
20201023,kr,27
20201023,lj,52
20201023,mb,23
20201023,ms,31
20201023,ng,7
20201023,nm,22
20201023,sg,12
20201023,si,266
20201023,za,10
20201022,ce,58
20201022,kk,14
20201022,kp,2
20201022,kr,25
20201022,lj,47
20201022,mb,20
20201022,ms,31
20201022,ng,7
20201022,nm,21
20201022,sg,12
20201022,si,246
20201022,za,9
20201021,ce,58
20201021,kk,12
20201021,kp,2
20201021,kr,24
20201021,lj,46
20201021,mb,19
20201021,ms,31
20201021,ng,7
20201021,nm,20
20201021,sg,9
20201021,si,237
20201021,za,9
20201020,ce,57
20201020,kk,10
20201020,kp,2
20201020,kr,22
20201020,lj,44
20201020,mb,19
20201020,ms,30
20201020,ng,7
20201020,nm,20
20201020,sg,9
20201020,si,229
20201020,za,9
20201019,ce,54
20201019,kk,6
20201019,kp,2
20201019,kr,20
20201019,lj,42
20201019,mb,19
20201019,ms,30
20201019,ng,7
20201019,nm,20
20201019,sg,9
20201019,si,218
20201019,za,9
20201018,ce,54
20201018,kk,5
20201018,kp,2
20201018,kr,17
20201018,lj,41
20201018,mb,18
20201018,ms,30
20201018,ng,7
20201018,nm,20
20201018,sg,9
20201018,si,212
20201018,za,9
20201017,ce,54
20201017,kk,5
20201017,kp,1
20201017,kr,16
20201017,lj,39
20201017,mb,18
20201017,ms,30
20201017,ng,7
20201017,nm,20
20201017,sg,9
20201017,si,208
20201017,za,9
20201016,ce,53
20201016,kk,5
20201016,kp,1
20201016,kr,14
20201016,lj,38
20201016,mb,17
20201016,ms,30
20201016,ng,7
20201016,nm,19
20201016,sg,9
20201016,si,202
20201016,za,9
20201015,ce,52
20201015,kk,4
20201015,kp,1
20201015,kr,13
20201015,lj,38
20201015,mb,16
20201015,ms,29
20201015,ng,7
20201015,nm,19
20201015,sg,9
20201015,si,197
20201015,za,9
20201014,ce,50
20201014,kk,2
20201014,kp,1
20201014,kr,11
20201014,lj,37
20201014,mb,15
20201014,ms,29
20201014,ng,7
20201014,nm,19
20201014,sg,9
20201014,si,189
20201014,za,9
20201013,ce,49
20201013,kk,2
20201013,kp,1
20201013,kr,11
20201013,lj,36
20201013,mb,14
20201013,ms,29
20201013,ng,7
20201013,nm,19
20201013,sg,9
20201013,si,186
20201013,za,9
20201012,ce,48
20201012,kk,1
20201012,kp,1
20201012,kr,11
20201012,lj,34
20201012,mb,14
20201012,ms,29
20201012,ng,7
20201012,nm,19
20201012,sg,8
20201012,si,181
20201012,za,9
20201011,ce,48
20201011,kp,1
20201011,kr,11
20201011,lj,34
20201011,mb,14
20201011,ms,29
20201011,ng,7
20201011,nm,18
20201011,sg,7
20201011,si,178
20201011,za,9
20201010,ce,48
20201010,kp,1
20201010,kr,10
20201010,lj,34
20201010,mb,14
20201010,ms,29
20201010,ng,7
20201010,nm,18
20201010,sg,6
20201010,si,176
20201010,za,9
20201009,ce,48
20201009,kp,1
20201009,kr,10
20201009,lj,34
20201009,mb,14
20201009,ms,29
20201009,ng,7
20201009,nm,18
20201009,sg,6
20201009,si,176
20201009,za,9
20201008,ce,46
20201008,kp,1
20201008,kr,9
20201008,lj,32
20201008,mb,13
20201008,ms,29
20201008,ng,7
20201008,nm,17
20201008,sg,6
20201008,si,169
20201008,za,9
20201007,ce,46
20201007,kp,1
20201007,kr,8
20201007,lj,31
20201007,mb,13
20201007,ms,29
20201007,ng,7
20201007,nm,17
20201007,sg,6
20201007,si,167
20201007,za,9
20201006,ce,46
20201006,kp,1
20201006,kr,8
20201006,lj,31
20201006,mb,13
20201006,ms,28
20201006,ng,7
20201006,nm,17
20201006,sg,6
20201006,si,166
20201006,za,9
20201005,ce,46
20201005,kp,1
20201005,kr,8
20201005,lj,31
20201005,mb,13
20201005,ms,28
20201005,ng,7
20201005,nm,17
20201005,sg,6
20201005,si,166
20201005,za,9
20201004,ce,45
20201004,kp,1
20201004,kr,8
20201004,lj,31
20201004,mb,12
20201004,ms,25
20201004,ng,7
20201004,nm,17
20201004,sg,6
20201004,si,161
20201004,za,9
20201003,ce,45
20201003,kp,1
20201003,kr,8
20201003,lj,30
20201003,mb,11
20201003,ms,25
20201003,ng,7
20201003,nm,17
20201003,sg,6
20201003,si,159
20201003,za,9
20201002,ce,45
20201002,kp,1
20201002,kr,8
20201002,lj,30
20201002,mb,11
20201002,ms,25
20201002,ng,7
20201002,nm,17
20201002,sg,6
20201002,si,159
20201002,za,9
20201001,ce,45
20201001,kp,1
20201001,kr,8
20201001,lj,30
20201001,mb,11
20201001,ms,25
20201001,ng,7
20201001,nm,17
20201001,sg,6
20201001,si,159
20201001,za,9
20200930,ce,44
20200930,kp,1
20200930,kr,7
20200930,lj,30
20200930,mb,11
20200930,ms,25
20200930,ng,7
20200930,nm,17
20200930,sg,6
20200930,si,157
20200930,za,9
20200929,ce,44
20200929,kp,1
20200929,kr,6
20200929,lj,30
20200929,mb,11
20200929,ms,25
20200929,ng,7
20200929,nm,17
20200929,sg,5
20200929,si,155
20200929,za,9
20200928,ce,44
20200928,kp,1
20200928,kr,6
20200928,lj,30
20200928,mb,10
20200928,ms,25
20200928,ng,7
20200928,nm,17
20200928,sg,5
20200928,si,154
20200928,za,9
20200927,ce,44
20200927,kp,1
20200927,kr,6
20200927,lj,30
20200927,mb,10
20200927,ms,25
20200927,ng,7
20200927,nm,17
20200927,sg,5
20200927,si,154
20200927,za,9
20200926,ce,43
20200926,kp,1
20200926,kr,6
20200926,lj,30
20200926,mb,10
20200926,ms,25
20200926,ng,6
20200926,nm,17
20200926,sg,5
20200926,si,152
20200926,za,9
20200925,ce,43
20200925,kp,1
20200925,kr,6
20200925,lj,30
20200925,mb,9
20200925,ms,25
20200925,ng,6
20200925,nm,17
20200925,sg,5
20200925,si,151
20200925,za,9
20200924,ce,42
20200924,kp,1
20200924,kr,6
20200924,lj,30
20200924,mb,9
20200924,ms,25
20200924,ng,6
20200924,nm,17
20200924,sg,5
20200924,si,150
20200924,za,9
20200923,ce,42
20200923,kp,1
20200923,kr,6
20200923,lj,29
20200923,mb,9
20200923,ms,25
20200923,ng,6
20200923,nm,17
20200923,sg,5
20200923,si,149
20200923,za,9
20200922,ce,41
20200922,kp,1
20200922,kr,6
20200922,lj,29
20200922,mb,8
20200922,ms,25
20200922,ng,6
20200922,nm,17
20200922,sg,5
20200922,si,147
20200922,za,9
20200921,ce,40
20200921,kp,1
20200921,kr,6
20200921,lj,29
20200921,mb,8
20200921,ms,25
20200921,ng,6
20200921,nm,17
20200921,sg,5
20200921,si,146
20200921,za,9
20200920,ce,40
20200920,kp,1
20200920,kr,6
20200920,lj,29
20200920,mb,8
20200920,ms,25
20200920,ng,6
20200920,nm,17
20200920,sg,4
20200920,si,145
20200920,za,9
20200919,ce,40
20200919,kp,1
20200919,kr,6
20200919,lj,29
20200919,mb,8
20200919,ms,25
20200919,ng,6
20200919,nm,17
20200919,sg,4
20200919,si,145
20200919,za,9
20200918,ce,40
20200918,kp,1
20200918,kr,5
20200918,lj,29
20200918,mb,8
20200918,ms,25
20200918,ng,6
20200918,nm,17
20200918,sg,4
20200918,si,144
20200918,za,9
20200917,ce,40
20200917,kp,1
20200917,kr,5
20200917,lj,29
20200917,mb,6
20200917,ms,25
20200917,ng,6
20200917,nm,17
20200917,sg,4
20200917,si,142
20200917,za,9
20200916,ce,40
20200916,kp,1
20200916,kr,5
20200916,lj,29
20200916,mb,4
20200916,ms,25
20200916,ng,6
20200916,nm,17
20200916,sg,2
20200916,si,138
20200916,za,9
20200915,ce,40
20200915,kp,1
20200915,kr,5
20200915,lj,29
20200915,mb,3
20200915,ms,25
20200915,ng,6
20200915,nm,17
20200915,sg,2
20200915,si,137
20200915,za,9
20200914,ce,40
20200914,kp,1
20200914,kr,5
20200914,lj,29
20200914,mb,3
20200914,ms,25
20200914,ng,6
20200914,nm,17
20200914,sg,2
20200914,si,137
20200914,za,9
20200913,ce,40
20200913,kp,1
20200913,kr,5
20200913,lj,29
20200913,mb,3
20200913,ms,25
20200913,ng,6
20200913,nm,17
20200913,sg,2
20200913,si,137
20200913,za,9
20200912,ce,40
20200912,kp,1
20200912,kr,5
20200912,lj,29
20200912,mb,3
20200912,ms,25
20200912,ng,6
20200912,nm,17
20200912,sg,2
20200912,si,137
20200912,za,9
20200911,ce,39
20200911,kp,1
20200911,kr,5
20200911,lj,29
20200911,mb,3
20200911,ms,25
20200911,ng,6
20200911,nm,17
20200911,sg,2
20200911,si,136
20200911,za,9
20200910,ce,38
20200910,kp,1
20200910,kr,5
20200910,lj,29
20200910,mb,3
20200910,ms,25
20200910,ng,6
20200910,nm,17
20200910,sg,2
20200910,si,135
20200910,za,9
20200909,ce,38
20200909,kp,1
20200909,kr,5
20200909,lj,29
20200909,mb,3
20200909,ms,25
20200909,ng,6
20200909,nm,17
20200909,sg,2
20200909,si,135
20200909,za,9
20200908,ce,38
20200908,kp,1
20200908,kr,5
20200908,lj,29
20200908,mb,3
20200908,ms,25
20200908,ng,6
20200908,nm,17
20200908,sg,2
20200908,si,135
20200908,za,9
20200907,ce,37
20200907,kp,1
20200907,kr,5
20200907,lj,29
20200907,mb,3
20200907,ms,25
20200907,ng,6
20200907,nm,17
20200907,sg,2
20200907,si,134
20200907,za,9
20200906,ce,37
20200906,kp,1
20200906,kr,5
20200906,lj,29
20200906,mb,3
20200906,ms,25
20200906,ng,6
20200906,nm,17
20200906,sg,2
20200906,si,134
20200906,za,9
20200905,ce,37
20200905,kp,1
20200905,kr,5
20200905,lj,29
20200905,mb,3
20200905,ms,25
20200905,ng,6
20200905,nm,17
20200905,sg,2
20200905,si,134
20200905,za,9
20200904,ce,37
20200904,kp,1
20200904,kr,5
20200904,lj,29
20200904,mb,3
20200904,ms,25
20200904,ng,6
20200904,nm,17
20200904,sg,2
20200904,si,134
20200904,za,9
20200903,ce,36
20200903,kp,1
20200903,kr,5
20200903,lj,29
20200903,mb,3
20200903,ms,25
20200903,ng,6
20200903,nm,17
20200903,sg,2
20200903,si,133
20200903,za,9
20200902,ce,36
20200902,kp,1
20200902,kr,5
20200902,lj,29
20200902,mb,3
20200902,ms,25
20200902,ng,6
20200902,nm,17
20200902,sg,2
20200902,si,133
20200902,za,9
20200901,ce,36
20200901,kp,1
20200901,kr,5
20200901,lj,29
20200901,mb,3
20200901,ms,25
20200901,ng,6
20200901,nm,17
20200901,sg,2
20200901,si,133
20200901,za,9
20200831,ce,36
20200831,kp,1
20200831,kr,5
20200831,lj,29
20200831,mb,3
20200831,ms,25
20200831,ng,6
20200831,nm,17
20200831,sg,2
20200831,si,133
20200831,za,9
20200830,ce,36
20200830,kp,1
20200830,kr,5
20200830,lj,29
20200830,mb,3
20200830,ms,25
20200830,ng,6
20200830,nm,17
20200830,sg,2
20200830,si,133
20200830,za,9
20200829,ce,36
20200829,kp,1
20200829,kr,5
20200829,lj,29
20200829,mb,3
20200829,ms,25
20200829,ng,6
20200829,nm,17
20200829,sg,2
20200829,si,133
20200829,za,9
20200828,ce,36
20200828,kp,1
20200828,kr,5
20200828,lj,29
20200828,mb,3
20200828,ms,25
20200828,ng,6
20200828,nm,17
20200828,sg,2
20200828,si,133
20200828,za,9
20200827,ce,36
20200827,kp,1
20200827,kr,5
20200827,lj,29
20200827,mb,3
20200827,ms,25
20200827,ng,6
20200827,nm,17
20200827,sg,2
20200827,si,133
20200827,za,9
20200826,ce,36
20200826,kp,1
20200826,kr,5
20200826,lj,29
20200826,mb,3
20200826,ms,25
20200826,ng,6
20200826,nm,17
20200826,sg,2
20200826,si,133
20200826,za,9
20200825,ce,36
20200825,kp,1
20200825,kr,5
20200825,lj,29
20200825,mb,3
20200825,ms,25
20200825,ng,6
20200825,nm,17
20200825,sg,2
20200825,si,133
20200825,za,9
20200824,ce,36
20200824,kp,1
20200824,kr,5
20200824,lj,29
20200824,mb,3
20200824,ms,25
20200824,ng,6
20200824,nm,17
20200824,sg,2
20200824,si,133
20200824,za,9
20200823,ce,36
20200823,kp,1
20200823,kr,5
20200823,lj,29
20200823,mb,3
20200823,ms,25
20200823,ng,6
20200823,nm,17
20200823,sg,2
20200823,si,133
20200823,za,9
20200822,ce,36
20200822,kp,1
20200822,kr,5
20200822,lj,29
20200822,mb,3
20200822,ms,25
20200822,ng,6
20200822,nm,17
20200822,sg,2
20200822,si,132
20200822,za,8
20200821,ce,36
20200821,kp,1
20200821,kr,5
20200821,lj,29
20200821,mb,3
20200821,ms,25
20200821,ng,6
20200821,nm,17
20200821,sg,2
20200821,si,132
20200821,za,8
20200820,ce,36
20200820,kp,1
20200820,kr,5
20200820,lj,29
20200820,mb,3
20200820,ms,25
20200820,ng,6
20200820,nm,17
20200820,sg,2
20200820,si,132
20200820,za,8
20200819,ce,36
20200819,kp,1
20200819,kr,5
20200819,lj,28
20200819,mb,3
20200819,ms,25
20200819,ng,6
20200819,nm,17
20200819,sg,2
20200819,si,131
20200819,za,8
20200818,ce,36
20200818,kp,1
20200818,kr,5
20200818,lj,28
20200818,mb,3
20200818,ms,25
20200818,ng,6
20200818,nm,17
20200818,sg,2
20200818,si,131
20200818,za,8
20200817,ce,36
20200817,kp,1
20200817,kr,5
20200817,lj,28
20200817,mb,3
20200817,ms,25
20200817,ng,6
20200817,nm,17
20200817,sg,2
20200817,si,131
20200817,za,8
20200816,ce,36
20200816,kp,1
20200816,kr,5
20200816,lj,28
20200816,mb,3
20200816,ms,25
20200816,ng,6
20200816,nm,17
20200816,sg,2
20200816,si,131
20200816,za,8
20200815,ce,36
20200815,kp,1
20200815,kr,5
20200815,lj,28
20200815,mb,3
20200815,ms,25
20200815,ng,6
20200815,nm,17
20200815,sg,2
20200815,si,131
20200815,za,8
20200814,ce,36
20200814,kp,1
20200814,kr,5
20200814,lj,28
20200814,mb,3
20200814,ms,25
20200814,ng,6
20200814,nm,17
20200814,sg,2
20200814,si,131
20200814,za,8
20200813,ce,36
20200813,kp,1
20200813,kr,5
20200813,lj,28
20200813,mb,3
20200813,ms,25
20200813,ng,6
20200813,nm,17
20200813,sg,2
20200813,si,131
20200813,za,8
20200812,ce,36
20200812,kp,1
20200812,kr,5
20200812,lj,28
20200812,mb,3
20200812,ms,25
20200812,ng,6
20200812,nm,17
20200812,sg,2
20200812,si,131
20200812,za,8
20200811,ce,36
20200811,kp,1
20200811,kr,5
20200811,lj,28
20200811,mb,3
20200811,ms,25
20200811,ng,6
20200811,nm,17
20200811,sg,2
20200811,si,131
20200811,za,8
20200810,ce,36
20200810,kp,1
20200810,kr,5
20200810,lj,28
20200810,mb,3
20200810,ms,25
20200810,ng,6
20200810,nm,17
20200810,sg,2
20200810,si,131
20200810,za,8
20200809,ce,36
20200809,kp,1
20200809,kr,5
20200809,lj,28
20200809,mb,3
20200809,ms,25
20200809,ng,6
20200809,nm,17
20200809,sg,2
20200809,si,130
20200809,za,7
20200808,ce,36
20200808,kp,1
20200808,kr,5
20200808,lj,28
20200808,mb,3
20200808,ms,25
20200808,ng,6
20200808,nm,17
20200808,sg,2
20200808,si,129
20200808,za,6
20200807,ce,36
20200807,kp,1
20200807,kr,5
20200807,lj,28
20200807,mb,3
20200807,ms,25
20200807,ng,6
20200807,nm,17
20200807,sg,2
20200807,si,127
20200807,za,4
20200806,ce,36
20200806,kp,1
20200806,kr,5
20200806,lj,28
20200806,mb,3
20200806,ms,25
20200806,ng,6
20200806,nm,17
20200806,sg,2
20200806,si,126
20200806,za,3
20200805,ce,36
20200805,kp,1
20200805,kr,5
20200805,lj,28
20200805,mb,3
20200805,ms,25
20200805,ng,6
20200805,nm,17
20200805,sg,2
20200805,si,126
20200805,za,3
20200804,ce,36
20200804,kp,1
20200804,kr,5
20200804,lj,28
20200804,mb,3
20200804,ms,25
20200804,ng,6
20200804,nm,17
20200804,sg,2
20200804,si,126
20200804,za,3
20200803,ce,36
20200803,kp,1
20200803,kr,5
20200803,lj,28
20200803,mb,3
20200803,ms,25
20200803,ng,5
20200803,nm,17
20200803,sg,2
20200803,si,125
20200803,za,3
20200802,ce,36
20200802,kp,1
20200802,kr,5
20200802,lj,28
20200802,mb,3
20200802,ms,25
20200802,ng,5
20200802,nm,17
20200802,sg,2
20200802,si,124
20200802,za,2
20200801,ce,36
20200801,kp,1
20200801,kr,5
20200801,lj,27
20200801,mb,3
20200801,ms,25
20200801,ng,4
20200801,nm,17
20200801,sg,2
20200801,si,122
20200801,za,2
20200731,ce,36
20200731,kp,1
20200731,kr,5
20200731,lj,27
20200731,mb,3
20200731,ms,25
20200731,ng,3
20200731,nm,17
20200731,sg,2
20200731,si,121
20200731,za,2
20200730,ce,36
20200730,kp,1
20200730,kr,5
20200730,lj,27
20200730,mb,3
20200730,ms,25
20200730,ng,3
20200730,nm,17
20200730,sg,2
20200730,si,121
20200730,za,2
20200729,ce,36
20200729,kp,1
20200729,kr,5
20200729,lj,27
20200729,mb,3
20200729,ms,25
20200729,ng,2
20200729,nm,17
20200729,sg,2
20200729,si,120
20200729,za,2
20200728,ce,36
20200728,kp,1
20200728,kr,5
20200728,lj,27
20200728,mb,3
20200728,ms,25
20200728,ng,2
20200728,nm,17
20200728,sg,2
20200728,si,120
20200728,za,2
20200727,ce,36
20200727,kp,1
20200727,kr,5
20200727,lj,26
20200727,mb,3
20200727,ms,25
20200727,ng,2
20200727,nm,17
20200727,sg,2
20200727,si,119
20200727,za,2
20200726,ce,36
20200726,kp,1
20200726,kr,5
20200726,lj,26
20200726,mb,3
20200726,ms,25
20200726,ng,2
20200726,nm,17
20200726,sg,2
20200726,si,119
20200726,za,2
20200725,ce,36
20200725,kp,1
20200725,kr,5
20200725,lj,25
20200725,mb,3
20200725,ms,25
20200725,ng,2
20200725,nm,17
20200725,sg,2
20200725,si,118
20200725,za,2
20200724,ce,36
20200724,kp,1
20200724,kr,5
20200724,lj,25
20200724,mb,3
20200724,ms,25
20200724,ng,2
20200724,nm,17
20200724,sg,2
20200724,si,118
20200724,za,2
20200723,ce,36
20200723,kp,1
20200723,kr,5
20200723,lj,25
20200723,mb,3
20200723,ms,25
20200723,ng,2
20200723,nm,17
20200723,sg,2
20200723,si,117
20200723,za,1
20200722,ce,36
20200722,kp,1
20200722,kr,5
20200722,lj,25
20200722,mb,3
20200722,ms,25
20200722,ng,2
20200722,nm,17
20200722,sg,2
20200722,si,117
20200722,za,1
20200721,ce,36
20200721,kp,1
20200721,kr,5
20200721,lj,25
20200721,mb,3
20200721,ms,25
20200721,ng,2
20200721,nm,17
20200721,sg,2
20200721,si,117
20200721,za,1
20200720,ce,36
20200720,kp,1
20200720,kr,5
20200720,lj,25
20200720,mb,3
20200720,ms,25
20200720,ng,2
20200720,nm,17
20200720,sg,2
20200720,si,116
20200719,ce,36
20200719,kp,1
20200719,kr,5
20200719,lj,25
20200719,mb,3
20200719,ms,25
20200719,ng,1
20200719,nm,17
20200719,sg,2
20200719,si,115
20200718,ce,36
20200718,kp,1
20200718,kr,5
20200718,lj,25
20200718,mb,3
20200718,ms,25
20200718,nm,17
20200718,sg,2
20200718,si,114
20200717,ce,36
20200717,kp,1
20200717,kr,5
20200717,lj,25
20200717,mb,3
20200717,ms,25
20200717,nm,17
20200717,sg,2
20200717,si,114
20200716,ce,36
20200716,kp,1
20200716,kr,5
20200716,lj,25
20200716,mb,3
20200716,ms,25
20200716,nm,17
20200716,sg,2
20200716,si,114
20200715,ce,36
20200715,kp,1
20200715,kr,5
20200715,lj,25
20200715,mb,3
20200715,ms,25
20200715,nm,17
20200715,sg,2
20200715,si,114
20200714,ce,36
20200714,kp,1
20200714,kr,5
20200714,lj,25
20200714,mb,3
20200714,ms,25
20200714,nm,17
20200714,sg,2
20200714,si,114
20200713,ce,36
20200713,kp,1
20200713,kr,5
20200713,lj,25
20200713,mb,3
20200713,ms,25
20200713,nm,17
20200713,sg,2
20200713,si,114
20200712,ce,36
20200712,kp,1
20200712,kr,5
20200712,lj,25
20200712,mb,3
20200712,ms,25
20200712,nm,17
20200712,sg,2
20200712,si,114
20200711,ce,36
20200711,kp,1
20200711,kr,5
20200711,lj,25
20200711,mb,3
20200711,ms,25
20200711,nm,17
20200711,sg,2
20200711,si,114
20200710,ce,36
20200710,kp,1
20200710,kr,5
20200710,lj,25
20200710,mb,3
20200710,ms,25
20200710,nm,17
20200710,sg,2
20200710,si,114
20200709,ce,36
20200709,kp,1
20200709,kr,5
20200709,lj,25
20200709,mb,3
20200709,ms,25
20200709,nm,17
20200709,sg,2
20200709,si,114
20200708,ce,36
20200708,kp,1
20200708,kr,5
20200708,lj,25
20200708,mb,3
20200708,ms,25
20200708,nm,17
20200708,sg,2
20200708,si,114
20200707,ce,36
20200707,kp,1
20200707,kr,5
20200707,lj,25
20200707,mb,3
20200707,ms,25
20200707,nm,17
20200707,sg,2
20200707,si,114
20200706,ce,36
20200706,kp,1
20200706,kr,5
20200706,lj,25
20200706,mb,3
20200706,ms,25
20200706,nm,17
20200706,sg,2
20200706,si,114
20200705,ce,36
20200705,kp,1
20200705,kr,5
20200705,lj,25
20200705,mb,3
20200705,ms,25
20200705,nm,17
20200705,sg,2
20200705,si,114
20200704,ce,36
20200704,kp,1
20200704,kr,5
20200704,lj,25
20200704,mb,3
20200704,ms,25
20200704,nm,17
20200704,sg,2
20200704,si,114
20200703,ce,36
20200703,kp,1
20200703,kr,5
20200703,lj,25
20200703,mb,3
20200703,ms,25
20200703,nm,17
20200703,sg,2
20200703,si,114
20200702,ce,36
20200702,kp,1
20200702,kr,5
20200702,lj,25
20200702,mb,3
20200702,ms,25
20200702,nm,17
20200702,sg,2
20200702,si,114
20200701,ce,36
20200701,kp,1
20200701,kr,5
20200701,lj,25
20200701,mb,3
20200701,ms,25
20200701,nm,17
20200701,sg,2
20200701,si,114
20200630,ce,36
20200630,kp,1
20200630,kr,5
20200630,lj,25
20200630,mb,3
20200630,ms,25
20200630,nm,17
20200630,sg,2
20200630,si,114
20200629,ce,36
20200629,kp,1
20200629,kr,5
20200629,lj,25
20200629,mb,3
20200629,ms,25
20200629,nm,17
20200629,sg,2
20200629,si,114
20200628,ce,36
20200628,kp,1
20200628,kr,5
20200628,lj,25
20200628,mb,3
20200628,ms,25
20200628,nm,17
20200628,sg,2
20200628,si,114
20200627,ce,36
20200627,kp,1
20200627,kr,5
20200627,lj,25
20200627,mb,3
20200627,ms,25
20200627,nm,17
20200627,sg,2
20200627,si,114
20200626,ce,36
20200626,kp,1
20200626,kr,5
20200626,lj,25
20200626,mb,3
20200626,ms,25
20200626,nm,17
20200626,sg,2
20200626,si,114
20200625,ce,36
20200625,kp,1
20200625,kr,5
20200625,lj,25
20200625,mb,3
20200625,ms,25
20200625,nm,17
20200625,sg,2
20200625,si,114
20200624,ce,36
20200624,kp,1
20200624,kr,5
20200624,lj,25
20200624,mb,3
20200624,ms,25
20200624,nm,17
20200624,sg,2
20200624,si,114
20200623,ce,36
20200623,kp,1
20200623,kr,5
20200623,lj,25
20200623,mb,3
20200623,ms,25
20200623,nm,17
20200623,sg,2
20200623,si,114
20200622,ce,36
20200622,kp,1
20200622,kr,5
20200622,lj,25
20200622,mb,3
20200622,ms,25
20200622,nm,17
20200622,sg,2
20200622,si,114
20200621,ce,36
20200621,kp,1
20200621,kr,5
20200621,lj,25
20200621,mb,3
20200621,ms,25
20200621,nm,17
20200621,sg,2
20200621,si,114
20200620,ce,36
20200620,kp,1
20200620,kr,5
20200620,lj,25
20200620,mb,3
20200620,ms,25
20200620,nm,17
20200620,sg,2
20200620,si,114
20200619,ce,36
20200619,kp,1
20200619,kr,5
20200619,lj,25
20200619,mb,3
20200619,ms,25
20200619,nm,17
20200619,sg,2
20200619,si,114
20200618,ce,36
20200618,kp,1
20200618,kr,5
20200618,lj,25
20200618,mb,3
20200618,ms,25
20200618,nm,17
20200618,sg,2
20200618,si,114
20200617,ce,36
20200617,kp,1
20200617,kr,5
20200617,lj,25
20200617,mb,3
20200617,ms,25
20200617,nm,17
20200617,sg,2
20200617,si,114
20200616,ce,36
20200616,kp,1
20200616,kr,5
20200616,lj,25
20200616,mb,3
20200616,ms,25
20200616,nm,17
20200616,sg,2
20200616,si,114
20200615,ce,36
20200615,kp,1
20200615,kr,5
20200615,lj,24
20200615,mb,3
20200615,ms,25
20200615,nm,17
20200615,sg,2
20200615,si,113
20200614,ce,36
20200614,kp,1
20200614,kr,5
20200614,lj,24
20200614,mb,3
20200614,ms,25
20200614,nm,17
20200614,sg,2
20200614,si,113
20200613,ce,36
20200613,kp,1
20200613,kr,5
20200613,lj,24
20200613,mb,3
20200613,ms,25
20200613,nm,17
20200613,sg,2
20200613,si,113
20200612,ce,36
20200612,kp,1
20200612,kr,5
20200612,lj,24
20200612,mb,3
20200612,ms,25
20200612,nm,17
20200612,sg,2
20200612,si,113
20200611,ce,36
20200611,kp,1
20200611,kr,5
20200611,lj,24
20200611,mb,3
20200611,ms,25
20200611,nm,17
20200611,sg,2
20200611,si,113
20200610,ce,36
20200610,kp,1
20200610,kr,5
20200610,lj,24
20200610,mb,3
20200610,ms,25
20200610,nm,17
20200610,sg,2
20200610,si,113
20200609,ce,36
20200609,kp,1
20200609,kr,5
20200609,lj,24
20200609,mb,3
20200609,ms,25
20200609,nm,17
20200609,sg,2
20200609,si,113
20200608,ce,36
20200608,kp,1
20200608,kr,5
20200608,lj,24
20200608,mb,3
20200608,ms,25
20200608,nm,17
20200608,sg,2
20200608,si,113
20200607,ce,36
20200607,kp,1
20200607,kr,5
20200607,lj,24
20200607,mb,3
20200607,ms,25
20200607,nm,17
20200607,sg,2
20200607,si,113
20200606,ce,36
20200606,kp,1
20200606,kr,5
20200606,lj,24
20200606,mb,3
20200606,ms,25
20200606,nm,17
20200606,sg,2
20200606,si,113
20200605,ce,36
20200605,kp,1
20200605,kr,5
20200605,lj,24
20200605,mb,3
20200605,ms,25
20200605,nm,17
20200605,sg,2
20200605,si,113
20200604,ce,36
20200604,kp,1
20200604,kr,5
20200604,lj,24
20200604,mb,3
20200604,ms,25
20200604,nm,17
20200604,sg,2
20200604,si,113
20200603,ce,36
20200603,kp,1
20200603,kr,5
20200603,lj,24
20200603,mb,3
20200603,ms,25
20200603,nm,17
20200603,sg,2
20200603,si,113
20200602,ce,36
20200602,kp,1
20200602,kr,5
20200602,lj,24
20200602,mb,3
20200602,ms,25
20200602,nm,17
20200602,sg,2
20200602,si,113
20200601,ce,36
20200601,kp,1
20200601,kr,5
20200601,lj,24
20200601,mb,3
20200601,ms,25
20200601,nm,17
20200601,sg,2
20200601,si,113
20200531,ce,36
20200531,kp,1
20200531,kr,5
20200531,lj,24
20200531,mb,3
20200531,ms,25
20200531,nm,17
20200531,sg,2
20200531,si,113
20200530,ce,36
20200530,kp,1
20200530,kr,5
20200530,lj,24
20200530,mb,3
20200530,ms,25
20200530,nm,17
20200530,sg,2
20200530,si,113
20200529,ce,36
20200529,kp,1
20200529,kr,5
20200529,lj,24
20200529,mb,3
20200529,ms,25
20200529,nm,17
20200529,sg,2
20200529,si,113
20200528,ce,36
20200528,kp,1
20200528,kr,5
20200528,lj,24
20200528,mb,3
20200528,ms,25
20200528,nm,17
20200528,sg,2
20200528,si,113
20200527,ce,36
20200527,kp,1
20200527,kr,5
20200527,lj,24
20200527,mb,3
20200527,ms,25
20200527,nm,17
20200527,sg,2
20200527,si,113
20200526,ce,36
20200526,kp,1
20200526,kr,5
20200526,lj,24
20200526,mb,3
20200526,ms,25
20200526,nm,17
20200526,sg,2
20200526,si,113
20200525,ce,36
20200525,kp,1
20200525,kr,5
20200525,lj,24
20200525,mb,3
20200525,ms,25
20200525,nm,17
20200525,sg,2
20200525,si,113
20200524,ce,36
20200524,kp,1
20200524,kr,5
20200524,lj,24
20200524,mb,3
20200524,ms,25
20200524,nm,17
20200524,sg,2
20200524,si,113
20200523,ce,36
20200523,kp,1
20200523,kr,5
20200523,lj,24
20200523,mb,3
20200523,ms,25
20200523,nm,17
20200523,sg,2
20200523,si,113
20200522,ce,36
20200522,kp,1
20200522,kr,5
20200522,lj,24
20200522,mb,3
20200522,ms,25
20200522,nm,17
20200522,sg,2
20200522,si,113
20200521,ce,36
20200521,kp,1
20200521,kr,5
20200521,lj,24
20200521,mb,3
20200521,ms,25
20200521,nm,17
20200521,sg,2
20200521,si,113
20200520,ce,36
20200520,kp,1
20200520,kr,5
20200520,lj,24
20200520,mb,3
20200520,ms,25
20200520,nm,17
20200520,sg,2
20200520,si,113
20200519,ce,36
20200519,kp,1
20200519,kr,5
20200519,lj,24
20200519,mb,3
20200519,ms,25
20200519,nm,16
20200519,sg,2
20200519,si,112
20200518,ce,35
20200518,kp,1
20200518,kr,5
20200518,lj,24
20200518,mb,3
20200518,ms,25
20200518,nm,16
20200518,sg,2
20200518,si,111
20200517,ce,35
20200517,kp,1
20200517,kr,5
20200517,lj,24
20200517,mb,3
20200517,ms,25
20200517,nm,16
20200517,sg,2
20200517,si,111
20200516,ce,35
20200516,kp,1
20200516,kr,5
20200516,lj,24
20200516,mb,3
20200516,ms,25
20200516,nm,16
20200516,sg,2
20200516,si,111
20200515,ce,35
20200515,kp,1
20200515,kr,5
20200515,lj,24
20200515,mb,3
20200515,ms,25
20200515,nm,16
20200515,sg,2
20200515,si,111
20200514,ce,35
20200514,kp,1
20200514,kr,5
20200514,lj,24
20200514,mb,3
20200514,ms,25
20200514,nm,16
20200514,sg,2
20200514,si,111
20200513,ce,35
20200513,kp,1
20200513,kr,5
20200513,lj,24
20200513,mb,3
20200513,ms,25
20200513,nm,16
20200513,sg,2
20200513,si,111
20200512,ce,35
20200512,kp,1
20200512,kr,5
20200512,lj,24
20200512,mb,3
20200512,ms,25
20200512,nm,16
20200512,sg,2
20200512,si,111
20200511,ce,35
20200511,kp,1
20200511,kr,5
20200511,lj,24
20200511,mb,3
20200511,ms,24
20200511,nm,16
20200511,sg,2
20200511,si,110
20200510,ce,35
20200510,kp,1
20200510,kr,5
20200510,lj,24
20200510,mb,3
20200510,ms,24
20200510,nm,16
20200510,sg,2
20200510,si,110
20200509,ce,35
20200509,kp,1
20200509,kr,5
20200509,lj,24
20200509,mb,3
20200509,ms,24
20200509,nm,16
20200509,sg,2
20200509,si,110
20200508,ce,35
20200508,kp,1
20200508,kr,5
20200508,lj,24
20200508,mb,3
20200508,ms,23
20200508,nm,16
20200508,sg,2
20200508,si,109
20200507,ce,35
20200507,kp,1
20200507,kr,5
20200507,lj,24
20200507,mb,3
20200507,ms,22
20200507,nm,16
20200507,sg,2
20200507,si,108
20200506,ce,35
20200506,kp,1
20200506,kr,5
20200506,lj,23
20200506,mb,3
20200506,ms,22
20200506,nm,16
20200506,sg,2
20200506,si,107
20200505,ce,35
20200505,kp,1
20200505,kr,5
20200505,lj,23
20200505,mb,3
20200505,ms,22
20200505,nm,16
20200505,sg,2
20200505,si,107
20200504,ce,35
20200504,kp,1
20200504,kr,5
20200504,lj,23
20200504,mb,3
20200504,ms,21
20200504,nm,15
20200504,sg,2
20200504,si,105
20200503,ce,35
20200503,kp,1
20200503,kr,5
20200503,lj,23
20200503,mb,3
20200503,ms,21
20200503,nm,15
20200503,sg,2
20200503,si,105
20200502,ce,35
20200502,kp,1
20200502,kr,5
20200502,lj,23
20200502,mb,3
20200502,ms,20
20200502,nm,15
20200502,sg,2
20200502,si,104
20200501,ce,35
20200501,kp,1
20200501,kr,5
20200501,lj,23
20200501,mb,3
20200501,ms,18
20200501,nm,15
20200501,sg,2
20200501,si,102
20200430,ce,34
20200430,kp,1
20200430,kr,5
20200430,lj,23
20200430,mb,3
20200430,ms,17
20200430,nm,15
20200430,sg,2
20200430,si,100
20200429,ce,33
20200429,kp,1
20200429,kr,5
20200429,lj,23
20200429,mb,3
20200429,ms,16
20200429,nm,15
20200429,sg,1
20200429,si,97
20200428,ce,33
20200428,kp,1
20200428,kr,5
20200428,lj,23
20200428,mb,3
20200428,ms,16
20200428,nm,14
20200428,sg,1
20200428,si,96
20200427,ce,33
20200427,kp,1
20200427,kr,5
20200427,lj,23
20200427,mb,3
20200427,ms,13
20200427,nm,14
20200427,sg,1
20200427,si,93
20200426,ce,32
20200426,kp,1
20200426,kr,5
20200426,lj,22
20200426,mb,3
20200426,ms,12
20200426,nm,14
20200426,sg,1
20200426,si,90
20200425,ce,32
20200425,kp,1
20200425,kr,5
20200425,lj,22
20200425,mb,3
20200425,ms,12
20200425,nm,14
20200425,sg,1
20200425,si,90
20200424,ce,31
20200424,kp,1
20200424,kr,5
20200424,lj,22
20200424,mb,3
20200424,ms,12
20200424,nm,14
20200424,sg,1
20200424,si,89
20200423,ce,31
20200423,kp,1
20200423,kr,4
20200423,lj,22
20200423,mb,3
20200423,ms,12
20200423,nm,14
20200423,sg,1
20200423,si,88
20200422,ce,30
20200422,kp,1
20200422,kr,4
20200422,lj,22
20200422,mb,3
20200422,ms,12
20200422,nm,14
20200422,sg,1
20200422,si,87
20200421,ce,30
20200421,kp,1
20200421,kr,4
20200421,lj,22
20200421,mb,3
20200421,ms,12
20200421,nm,14
20200421,sg,1
20200421,si,87
20200420,ce,28
20200420,kp,1
20200420,kr,4
20200420,lj,21
20200420,mb,3
20200420,ms,12
20200420,nm,14
20200420,sg,1
20200420,si,84
20200419,ce,28
20200419,kp,1
20200419,kr,4
20200419,lj,21
20200419,mb,3
20200419,ms,11
20200419,nm,14
20200419,sg,1
20200419,si,83
20200418,ce,27
20200418,kp,1
20200418,kr,4
20200418,lj,21
20200418,mb,2
20200418,ms,8
20200418,nm,14
20200418,sg,1
20200418,si,78
20200417,ce,27
20200417,kp,1
20200417,kr,4
20200417,lj,20
20200417,mb,1
20200417,ms,7
20200417,nm,14
20200417,sg,1
20200417,si,75
20200416,ce,26
20200416,kp,1
20200416,kr,4
20200416,lj,20
20200416,mb,1
20200416,ms,6
20200416,nm,12
20200416,sg,1
20200416,si,71
20200415,ce,25
20200415,kp,1
20200415,kr,4
20200415,lj,18
20200415,mb,1
20200415,ms,5
20200415,nm,11
20200415,si,65
20200414,ce,25
20200414,kp,1
20200414,kr,4
20200414,lj,18
20200414,mb,1
20200414,ms,5
20200414,nm,11
20200414,si,65
20200413,ce,24
20200413,kp,1
20200413,kr,4
20200413,lj,18
20200413,mb,1
20200413,ms,5
20200413,nm,11
20200413,si,64
20200412,ce,24
20200412,kp,1
20200412,kr,4
20200412,lj,17
20200412,mb,1
20200412,ms,3
20200412,nm,11
20200412,si,61
20200411,ce,22
20200411,kp,1
20200411,kr,4
20200411,lj,16
20200411,mb,1
20200411,ms,2
20200411,nm,11
20200411,si,57
20200410,ce,21
20200410,kp,1
20200410,kr,4
20200410,lj,14
20200410,mb,1
20200410,ms,2
20200410,nm,11
20200410,si,54
20200409,ce,20
20200409,kp,1
20200409,kr,3
20200409,lj,11
20200409,mb,1
20200409,ms,1
20200409,nm,11
20200409,si,48
20200408,ce,20
20200408,kp,1
20200408,kr,3
20200408,lj,9
20200408,mb,1
20200408,ms,1
20200408,nm,11
20200408,si,46
20200407,ce,19
20200407,kr,2
20200407,lj,9
20200407,mb,1
20200407,ms,1
20200407,nm,10
20200407,si,42
20200406,ce,17
20200406,kr,2
20200406,lj,9
20200406,mb,1
20200406,ms,1
20200406,nm,10
20200406,si,40
20200405,ce,13
20200405,kr,2
20200405,lj,8
20200405,mb,1
20200405,ms,1
20200405,nm,8
20200405,si,33
20200404,ce,13
20200404,kr,2
20200404,lj,5
20200404,mb,1
20200404,ms,1
20200404,nm,8
20200404,si,30
20200403,ce,10
20200403,kr,2
20200403,lj,5
20200403,mb,1
20200403,ms,1
20200403,nm,7
20200403,si,26
20200402,ce,9
20200402,kr,2
20200402,lj,5
20200402,mb,1
20200402,nm,6
20200402,si,23
20200401,ce,7
20200401,kr,2
20200401,lj,5
20200401,nm,6
20200401,si,20
20200331,ce,7
20200331,kr,2
20200331,lj,4
20200331,nm,6
20200331,si,19
20200330,ce,6
20200330,kr,2
20200330,lj,4
20200330,nm,6
20200330,si,18
20200329,ce,4
20200329,kr,2
20200329,lj,1
20200329,nm,6
20200329,si,13
20200328,ce,4
20200328,kr,1
20200328,lj,1
20200328,nm,6
20200328,si,12
20200327,ce,3
20200327,lj,1
20200327,nm,6
20200327,si,10
20200326,ce,2
20200326,lj,1
20200326,nm,5
20200326,si,8
20200325,ce,2
20200325,lj,1
20200325,nm,3
20200325,si,6
20200324,ce,2
20200324,lj,1
20200324,nm,3
20200324,si,6
20200323,lj,1
20200323,nm,2
20200323,si,3
20200322,nm,2
20200322,si,2
20200321,nm,1
20200321,si,1
20200320,nm,1
20200320,si,1
20200319,nm,1
20200319,si,1
20200318,nm,1
20200318,si,1
20200317,nm,1
20200317,si,1
20200316,nm,1
20200316,si,1
20200315,nm,1
20200315,si,1
20200314,nm,1
20200314,si,1
