dateid,areaID,activeCases
20210717,ce,21
20210717,kk,76
20210717,kp,44
20210717,kr,117
20210717,lj,157
20210717,mb,41
20210717,ms,18
20210717,ng,30
20210717,nm,221
20210717,po,8
20210717,sg,10
20210717,si,762
20210717,za,5
20210716,ce,20
20210716,kk,75
20210716,kp,44
20210716,kr,117
20210716,lj,152
20210716,mb,40
20210716,ms,16
20210716,ng,29
20210716,nm,219
20210716,po,8
20210716,sg,10
20210716,si,750
20210716,za,5
20210715,ce,18
20210715,kk,70
20210715,kp,44
20210715,kr,111
20210715,lj,146
20210715,mb,39
20210715,ms,15
20210715,ng,28
20210715,nm,209
20210715,po,7
20210715,sg,9
20210715,si,719
20210715,za,7
20210714,ce,14
20210714,kk,66
20210714,kp,43
20210714,kr,103
20210714,lj,127
20210714,mb,40
20210714,ms,16
20210714,ng,27
20210714,nm,208
20210714,po,6
20210714,sg,7
20210714,si,680
20210714,za,7
20210713,ce,9
20210713,kk,64
20210713,kp,35
20210713,kr,95
20210713,lj,117
20210713,mb,42
20210713,ms,17
20210713,ng,32
20210713,nm,204
20210713,po,4
20210713,sg,6
20210713,si,647
20210713,za,7
20210712,ce,11
20210712,kk,54
20210712,kp,39
20210712,kr,75
20210712,lj,122
20210712,mb,41
20210712,ms,19
20210712,ng,29
20210712,nm,186
20210712,po,4
20210712,sg,5
20210712,si,611
20210712,za,8
20210711,ce,12
20210711,kk,49
20210711,kp,40
20210711,kr,64
20210711,lj,110
20210711,mb,39
20210711,ms,14
20210711,ng,27
20210711,nm,168
20210711,po,5
20210711,sg,5
20210711,si,562
20210711,za,12
20210710,ce,13
20210710,kk,48
20210710,kp,40
20210710,kr,60
20210710,lj,110
20210710,mb,38
20210710,ms,14
20210710,ng,27
20210710,nm,167
20210710,po,5
20210710,sg,5
20210710,si,562
20210710,za,13
20210709,ce,13
20210709,kk,47
20210709,kp,40
20210709,kr,52
20210709,lj,108
20210709,mb,41
20210709,ms,13
20210709,ng,27
20210709,nm,165
20210709,po,5
20210709,sg,6
20210709,si,557
20210709,za,14
20210708,ce,14
20210708,kk,37
20210708,kp,36
20210708,kr,37
20210708,lj,105
20210708,mb,37
20210708,ms,12
20210708,ng,27
20210708,nm,135
20210708,po,3
20210708,sg,3
20210708,si,487
20210708,za,14
20210707,ce,17
20210707,kk,24
20210707,kp,38
20210707,kr,42
20210707,lj,102
20210707,mb,36
20210707,ms,11
20210707,ng,26
20210707,nm,102
20210707,po,3
20210707,sg,3
20210707,si,452
20210707,za,18
20210706,ce,20
20210706,kk,21
20210706,kp,34
20210706,kr,38
20210706,lj,106
20210706,mb,38
20210706,ms,14
20210706,ng,27
20210706,nm,73
20210706,po,4
20210706,sg,3
20210706,si,427
20210706,za,21
20210705,ce,23
20210705,kk,12
20210705,kp,33
20210705,kr,43
20210705,lj,107
20210705,mb,42
20210705,ms,17
20210705,ng,27
20210705,nm,46
20210705,po,6
20210705,sg,3
20210705,si,408
20210705,za,21
20210704,ce,24
20210704,kk,7
20210704,kp,35
20210704,kr,48
20210704,lj,120
20210704,mb,46
20210704,ms,17
20210704,ng,28
20210704,nm,34
20210704,po,10
20210704,sg,3
20210704,si,427
20210704,za,24
20210703,ce,25
20210703,kk,8
20210703,kp,35
20210703,kr,49
20210703,lj,123
20210703,mb,47
20210703,ms,20
20210703,ng,28
20210703,nm,35
20210703,po,10
20210703,sg,2
20210703,si,438
20210703,za,25
20210702,ce,26
20210702,kk,9
20210702,kp,35
20210702,kr,50
20210702,lj,124
20210702,mb,54
20210702,ms,21
20210702,ng,29
20210702,nm,35
20210702,po,10
20210702,sg,3
20210702,si,455
20210702,za,25
20210701,ce,31
20210701,kk,14
20210701,kp,33
20210701,kr,49
20210701,lj,139
20210701,mb,71
20210701,ms,23
20210701,ng,31
20210701,nm,40
20210701,po,11
20210701,sg,3
20210701,si,509
20210701,za,25
20210630,ce,42
20210630,kk,17
20210630,kp,35
20210630,kr,52
20210630,lj,155
20210630,mb,82
20210630,ms,28
20210630,ng,30
20210630,nm,44
20210630,po,16
20210630,sg,8
20210630,si,573
20210630,za,26
20210629,ce,53
20210629,kk,21
20210629,kp,46
20210629,kr,58
20210629,lj,176
20210629,mb,80
20210629,ms,28
20210629,ng,29
20210629,nm,43
20210629,po,23
20210629,sg,8
20210629,si,632
20210629,za,28
20210628,ce,54
20210628,kk,24
20210628,kp,45
20210628,kr,69
20210628,lj,198
20210628,mb,102
20210628,ms,24
20210628,ng,34
20210628,nm,45
20210628,po,28
20210628,sg,8
20210628,si,702
20210628,za,31
20210627,ce,70
20210627,kk,32
20210627,kp,54
20210627,kr,76
20210627,lj,220
20210627,mb,111
20210627,ms,32
20210627,ng,37
20210627,nm,41
20210627,po,28
20210627,sg,9
20210627,si,780
20210627,za,28
20210626,ce,70
20210626,kk,32
20210626,kp,54
20210626,kr,80
20210626,lj,225
20210626,mb,116
20210626,ms,34
20210626,ng,38
20210626,nm,43
20210626,po,28
20210626,sg,9
20210626,si,793
20210626,za,27
20210625,ce,76
20210625,kk,36
20210625,kp,55
20210625,kr,84
20210625,lj,253
20210625,mb,134
20210625,ms,43
20210625,ng,40
20210625,nm,49
20210625,po,28
20210625,sg,8
20210625,si,865
20210625,za,26
20210624,ce,88
20210624,kk,42
20210624,kp,67
20210624,kr,103
20210624,lj,293
20210624,mb,144
20210624,ms,45
20210624,ng,44
20210624,nm,53
20210624,po,32
20210624,sg,8
20210624,si,980
20210624,za,28
20210623,ce,98
20210623,kk,44
20210623,kp,68
20210623,kr,117
20210623,lj,327
20210623,mb,153
20210623,ms,46
20210623,ng,44
20210623,nm,56
20210623,po,39
20210623,sg,9
20210623,si,1057
20210623,za,26
20210622,ce,109
20210622,kk,54
20210622,kp,82
20210622,kr,127
20210622,lj,385
20210622,mb,188
20210622,ms,51
20210622,ng,44
20210622,nm,60
20210622,po,41
20210622,sg,12
20210622,si,1209
20210622,za,27
20210621,ce,122
20210621,kk,64
20210621,kp,90
20210621,kr,152
20210621,lj,465
20210621,mb,228
20210621,ms,54
20210621,ng,48
20210621,nm,73
20210621,po,47
20210621,sg,13
20210621,si,1409
20210621,za,27
20210620,ce,134
20210620,kk,81
20210620,kp,102
20210620,kr,170
20210620,lj,517
20210620,mb,250
20210620,ms,65
20210620,ng,49
20210620,nm,79
20210620,po,52
20210620,sg,13
20210620,si,1562
20210620,za,28
20210619,ce,133
20210619,kk,83
20210619,kp,102
20210619,kr,176
20210619,lj,534
20210619,mb,260
20210619,ms,69
20210619,ng,50
20210619,nm,78
20210619,po,53
20210619,sg,14
20210619,si,1600
20210619,za,27
20210618,ce,142
20210618,kk,97
20210618,kp,103
20210618,kr,184
20210618,lj,581
20210618,mb,304
20210618,ms,71
20210618,ng,51
20210618,nm,82
20210618,po,53
20210618,sg,14
20210618,si,1731
20210618,za,30
20210617,ce,153
20210617,kk,108
20210617,kp,119
20210617,kr,200
20210617,lj,637
20210617,mb,319
20210617,ms,86
20210617,ng,54
20210617,nm,86
20210617,po,63
20210617,sg,18
20210617,si,1894
20210617,za,37
20210616,ce,174
20210616,kk,119
20210616,kp,124
20210616,kr,236
20210616,lj,700
20210616,mb,349
20210616,ms,90
20210616,ng,60
20210616,nm,92
20210616,po,63
20210616,sg,22
20210616,si,2086
20210616,za,42
20210615,ce,196
20210615,kk,132
20210615,kp,135
20210615,kr,246
20210615,lj,756
20210615,mb,393
20210615,ms,102
20210615,ng,63
20210615,nm,104
20210615,po,64
20210615,sg,24
20210615,si,2277
20210615,za,47
20210614,ce,220
20210614,kk,144
20210614,kp,150
20210614,kr,267
20210614,lj,868
20210614,mb,414
20210614,ms,124
20210614,ng,62
20210614,nm,122
20210614,po,74
20210614,sg,25
20210614,si,2533
20210614,za,50
20210613,ce,242
20210613,kk,163
20210613,kp,157
20210613,kr,280
20210613,lj,948
20210613,mb,446
20210613,ms,121
20210613,ng,60
20210613,nm,137
20210613,po,85
20210613,sg,31
20210613,si,2743
20210613,za,59
20210612,ce,244
20210612,kk,165
20210612,kp,158
20210612,kr,280
20210612,lj,977
20210612,mb,465
20210612,ms,128
20210612,ng,59
20210612,nm,134
20210612,po,85
20210612,sg,35
20210612,si,2811
20210612,za,65
20210611,ce,252
20210611,kk,177
20210611,kp,159
20210611,kr,284
20210611,lj,999
20210611,mb,461
20210611,ms,130
20210611,ng,58
20210611,nm,135
20210611,po,85
20210611,sg,37
20210611,si,2857
20210611,za,65
20210610,ce,271
20210610,kk,178
20210610,kp,160
20210610,kr,312
20210610,lj,1089
20210610,mb,498
20210610,ms,141
20210610,ng,60
20210610,nm,160
20210610,po,93
20210610,sg,40
20210610,si,3087
20210610,za,66
20210609,ce,284
20210609,kk,184
20210609,kp,169
20210609,kr,321
20210609,lj,1144
20210609,mb,529
20210609,ms,152
20210609,ng,64
20210609,nm,173
20210609,po,97
20210609,sg,44
20210609,si,3253
20210609,za,67
20210608,ce,294
20210608,kk,183
20210608,kp,165
20210608,kr,344
20210608,lj,1203
20210608,mb,548
20210608,ms,157
20210608,ng,83
20210608,nm,187
20210608,po,119
20210608,sg,47
20210608,si,3425
20210608,za,67
20210607,ce,326
20210607,kk,191
20210607,kp,177
20210607,kr,346
20210607,lj,1257
20210607,mb,548
20210607,ms,166
20210607,ng,87
20210607,nm,183
20210607,po,122
20210607,sg,48
20210607,si,3562
20210607,za,79
20210606,ce,351
20210606,kk,189
20210606,kp,179
20210606,kr,345
20210606,lj,1266
20210606,mb,562
20210606,ms,162
20210606,ng,98
20210606,nm,196
20210606,po,136
20210606,sg,62
20210606,si,3665
20210606,za,85
20210605,ce,354
20210605,kk,187
20210605,kp,179
20210605,kr,341
20210605,lj,1281
20210605,mb,568
20210605,ms,166
20210605,ng,98
20210605,nm,197
20210605,po,135
20210605,sg,65
20210605,si,3692
20210605,za,86
20210604,ce,354
20210604,kk,178
20210604,kp,179
20210604,kr,340
20210604,lj,1301
20210604,mb,537
20210604,ms,170
20210604,ng,109
20210604,nm,197
20210604,po,135
20210604,sg,69
20210604,si,3692
20210604,za,90
20210603,ce,371
20210603,kk,167
20210603,kp,191
20210603,kr,354
20210603,lj,1345
20210603,mb,553
20210603,ms,165
20210603,ng,118
20210603,nm,217
20210603,po,145
20210603,sg,68
20210603,si,3827
20210603,za,96
20210602,ce,366
20210602,kk,162
20210602,kp,201
20210602,kr,356
20210602,lj,1356
20210602,mb,545
20210602,ms,170
20210602,ng,129
20210602,nm,228
20210602,po,153
20210602,sg,63
20210602,si,3878
20210602,za,109
20210601,ce,373
20210601,kk,156
20210601,kp,193
20210601,kr,371
20210601,lj,1371
20210601,mb,565
20210601,ms,179
20210601,ng,131
20210601,nm,249
20210601,po,161
20210601,sg,63
20210601,si,3962
20210601,za,109
20210531,ce,397
20210531,kk,160
20210531,kp,210
20210531,kr,386
20210531,lj,1384
20210531,mb,589
20210531,ms,183
20210531,ng,157
20210531,nm,266
20210531,po,169
20210531,sg,71
20210531,si,4127
20210531,za,116
20210530,ce,421
20210530,kk,146
20210530,kp,215
20210530,kr,428
20210530,lj,1428
20210530,mb,599
20210530,ms,192
20210530,ng,172
20210530,nm,284
20210530,po,174
20210530,sg,70
20210530,si,4301
20210530,za,130
20210529,ce,424
20210529,kk,147
20210529,kp,214
20210529,kr,443
20210529,lj,1425
20210529,mb,606
20210529,ms,189
20210529,ng,177
20210529,nm,285
20210529,po,175
20210529,sg,68
20210529,si,4322
20210529,za,128
20210528,ce,440
20210528,kk,141
20210528,kp,215
20210528,kr,455
20210528,lj,1492
20210528,mb,629
20210528,ms,192
20210528,ng,195
20210528,nm,293
20210528,po,177
20210528,sg,74
20210528,si,4478
20210528,za,131
20210527,ce,451
20210527,kk,146
20210527,kp,234
20210527,kr,466
20210527,lj,1497
20210527,mb,657
20210527,ms,199
20210527,ng,215
20210527,nm,301
20210527,po,188
20210527,sg,75
20210527,si,4617
20210527,za,148
20210526,ce,495
20210526,kk,152
20210526,kp,231
20210526,kr,475
20210526,lj,1499
20210526,mb,663
20210526,ms,200
20210526,ng,232
20210526,nm,325
20210526,po,197
20210526,sg,80
20210526,si,4800
20210526,za,152
20210525,ce,533
20210525,kk,157
20210525,kp,256
20210525,kr,491
20210525,lj,1529
20210525,mb,701
20210525,ms,217
20210525,ng,245
20210525,nm,354
20210525,po,189
20210525,sg,92
20210525,si,5031
20210525,za,167
20210524,ce,577
20210524,kk,169
20210524,kp,275
20210524,kr,549
20210524,lj,1567
20210524,mb,760
20210524,ms,237
20210524,ng,272
20210524,nm,385
20210524,po,213
20210524,sg,101
20210524,si,5369
20210524,za,162
20210523,ce,613
20210523,kk,167
20210523,kp,277
20210523,kr,574
20210523,lj,1593
20210523,mb,779
20210523,ms,237
20210523,ng,290
20210523,nm,401
20210523,po,208
20210523,sg,112
20210523,si,5536
20210523,za,183
20210522,ce,615
20210522,kk,170
20210522,kp,278
20210522,kr,593
20210522,lj,1593
20210522,mb,792
20210522,ms,251
20210522,ng,293
20210522,nm,405
20210522,po,208
20210522,sg,112
20210522,si,5598
20210522,za,187
20210521,ce,631
20210521,kk,173
20210521,kp,277
20210521,kr,600
20210521,lj,1630
20210521,mb,831
20210521,ms,265
20210521,ng,294
20210521,nm,416
20210521,po,210
20210521,sg,114
20210521,si,5732
20210521,za,184
20210520,ce,675
20210520,kk,179
20210520,kp,274
20210520,kr,658
20210520,lj,1680
20210520,mb,863
20210520,ms,269
20210520,ng,301
20210520,nm,426
20210520,po,214
20210520,sg,135
20210520,si,5984
20210520,za,196
20210519,ce,733
20210519,kk,189
20210519,kp,276
20210519,kr,695
20210519,lj,1718
20210519,mb,922
20210519,ms,273
20210519,ng,324
20210519,nm,436
20210519,po,229
20210519,sg,151
20210519,si,6261
20210519,za,203
20210518,ce,795
20210518,kk,191
20210518,kp,293
20210518,kr,743
20210518,lj,1834
20210518,mb,994
20210518,ms,282
20210518,ng,354
20210518,nm,445
20210518,po,247
20210518,sg,172
20210518,si,6680
20210518,za,218
20210517,ce,880
20210517,kk,190
20210517,kp,304
20210517,kr,798
20210517,lj,1941
20210517,mb,1052
20210517,ms,285
20210517,ng,357
20210517,nm,476
20210517,po,261
20210517,sg,176
20210517,si,7072
20210517,za,234
20210516,ce,950
20210516,kk,205
20210516,kp,310
20210516,kr,836
20210516,lj,2010
20210516,mb,1128
20210516,ms,303
20210516,ng,366
20210516,nm,487
20210516,po,291
20210516,sg,210
20210516,si,7468
20210516,za,253
20210515,ce,966
20210515,kk,204
20210515,kp,310
20210515,kr,843
20210515,lj,2043
20210515,mb,1139
20210515,ms,307
20210515,ng,372
20210515,nm,496
20210515,po,291
20210515,sg,214
20210515,si,7564
20210515,za,259
20210514,ce,961
20210514,kk,209
20210514,kp,309
20210514,kr,865
20210514,lj,2060
20210514,mb,1143
20210514,ms,323
20210514,ng,373
20210514,nm,508
20210514,po,290
20210514,sg,215
20210514,si,7638
20210514,za,258
20210513,ce,1065
20210513,kk,231
20210513,kp,306
20210513,kr,910
20210513,lj,2189
20210513,mb,1251
20210513,ms,323
20210513,ng,411
20210513,nm,526
20210513,po,319
20210513,sg,234
20210513,si,8161
20210513,za,267
20210512,ce,1119
20210512,kk,243
20210512,kp,321
20210512,kr,996
20210512,lj,2321
20210512,mb,1300
20210512,ms,380
20210512,ng,439
20210512,nm,563
20210512,po,340
20210512,sg,262
20210512,si,8638
20210512,za,283
20210511,ce,1227
20210511,kk,253
20210511,kp,318
20210511,kr,1031
20210511,lj,2342
20210511,mb,1366
20210511,ms,368
20210511,ng,460
20210511,nm,595
20210511,po,357
20210511,sg,266
20210511,si,8961
20210511,za,307
20210510,ce,1154
20210510,kk,239
20210510,kp,277
20210510,kr,972
20210510,lj,2284
20210510,mb,1344
20210510,ms,376
20210510,ng,443
20210510,nm,590
20210510,po,324
20210510,sg,264
20210510,si,8635
20210510,za,301
20210509,ce,1211
20210509,kk,262
20210509,kp,279
20210509,kr,1016
20210509,lj,2351
20210509,mb,1381
20210509,ms,395
20210509,ng,450
20210509,nm,624
20210509,po,350
20210509,sg,265
20210509,si,8953
20210509,za,301
20210508,ce,1216
20210508,kk,261
20210508,kp,278
20210508,kr,1023
20210508,lj,2389
20210508,mb,1385
20210508,ms,376
20210508,ng,452
20210508,nm,627
20210508,po,350
20210508,sg,271
20210508,si,8998
20210508,za,302
20210507,ce,1244
20210507,kk,274
20210507,kp,278
20210507,kr,1032
20210507,lj,2387
20210507,mb,1401
20210507,ms,378
20210507,ng,472
20210507,nm,651
20210507,po,360
20210507,sg,273
20210507,si,9123
20210507,za,309
20210506,ce,1264
20210506,kk,306
20210506,kp,281
20210506,kr,1023
20210506,lj,2432
20210506,mb,1435
20210506,ms,395
20210506,ng,484
20210506,nm,680
20210506,po,360
20210506,sg,273
20210506,si,9320
20210506,za,324
20210505,ce,1297
20210505,kk,324
20210505,kp,281
20210505,kr,1031
20210505,lj,2487
20210505,mb,1506
20210505,ms,419
20210505,ng,486
20210505,nm,720
20210505,po,369
20210505,sg,286
20210505,si,9612
20210505,za,327
20210504,ce,1331
20210504,kk,334
20210504,kp,279
20210504,kr,1036
20210504,lj,2435
20210504,mb,1463
20210504,ms,429
20210504,ng,479
20210504,nm,738
20210504,po,358
20210504,sg,272
20210504,si,9580
20210504,za,341
20210503,ce,1359
20210503,kk,350
20210503,kp,269
20210503,kr,994
20210503,lj,2436
20210503,mb,1495
20210503,ms,439
20210503,ng,508
20210503,nm,745
20210503,po,343
20210503,sg,303
20210503,si,9688
20210503,za,349
20210502,ce,1363
20210502,kk,356
20210502,kp,269
20210502,kr,963
20210502,lj,2374
20210502,mb,1428
20210502,ms,423
20210502,ng,509
20210502,nm,780
20210502,po,343
20210502,sg,273
20210502,si,9519
20210502,za,340
20210501,ce,1351
20210501,kk,365
20210501,kp,271
20210501,kr,954
20210501,lj,2377
20210501,mb,1445
20210501,ms,435
20210501,ng,501
20210501,nm,789
20210501,po,342
20210501,sg,280
20210501,si,9543
20210501,za,337
20210430,ce,1369
20210430,kk,371
20210430,kp,271
20210430,kr,964
20210430,lj,2378
20210430,mb,1491
20210430,ms,428
20210430,ng,514
20210430,nm,782
20210430,po,347
20210430,sg,293
20210430,si,9652
20210430,za,352
20210429,ce,1331
20210429,kk,374
20210429,kp,265
20210429,kr,926
20210429,lj,2322
20210429,mb,1423
20210429,ms,434
20210429,ng,483
20210429,nm,775
20210429,po,320
20210429,sg,307
20210429,si,9406
20210429,za,355
20210428,ce,1335
20210428,kk,366
20210428,kp,273
20210428,kr,886
20210428,lj,2330
20210428,mb,1457
20210428,ms,410
20210428,ng,457
20210428,nm,752
20210428,po,303
20210428,sg,290
20210428,si,9319
20210428,za,368
20210427,ce,1342
20210427,kk,369
20210427,kp,263
20210427,kr,911
20210427,lj,2331
20210427,mb,1414
20210427,ms,431
20210427,ng,447
20210427,nm,740
20210427,po,305
20210427,sg,295
20210427,si,9290
20210427,za,351
20210426,ce,1508
20210426,kk,394
20210426,kp,322
20210426,kr,990
20210426,lj,2515
20210426,mb,1471
20210426,ms,450
20210426,ng,516
20210426,nm,797
20210426,po,365
20210426,sg,315
20210426,si,10123
20210426,za,388
20210425,ce,1582
20210425,kk,399
20210425,kp,332
20210425,kr,1000
20210425,lj,2617
20210425,mb,1509
20210425,ms,460
20210425,ng,508
20210425,nm,797
20210425,po,366
20210425,sg,327
20210425,si,10365
20210425,za,377
20210424,ce,1578
20210424,kk,407
20210424,kp,333
20210424,kr,1013
20210424,lj,2620
20210424,mb,1563
20210424,ms,476
20210424,ng,505
20210424,nm,802
20210424,po,366
20210424,sg,323
20210424,si,10465
20210424,za,384
20210423,ce,1584
20210423,kk,392
20210423,kp,336
20210423,kr,1045
20210423,lj,2683
20210423,mb,1620
20210423,ms,489
20210423,ng,490
20210423,nm,802
20210423,po,358
20210423,sg,326
20210423,si,10598
20210423,za,376
20210422,ce,1697
20210422,kk,388
20210422,kp,350
20210422,kr,1079
20210422,lj,2771
20210422,mb,1689
20210422,ms,522
20210422,ng,523
20210422,nm,822
20210422,po,378
20210422,sg,338
20210422,si,11023
20210422,za,373
20210421,ce,1803
20210421,kk,390
20210421,kp,364
20210421,kr,1112
20210421,lj,2923
20210421,mb,1697
20210421,ms,523
20210421,ng,524
20210421,nm,841
20210421,po,406
20210421,sg,351
20210421,si,11406
20210421,za,387
20210420,ce,1917
20210420,kk,398
20210420,kp,421
20210420,kr,1159
20210420,lj,3206
20210420,mb,1774
20210420,ms,564
20210420,ng,584
20210420,nm,899
20210420,po,430
20210420,sg,368
20210420,si,12191
20210420,za,388
20210419,ce,1977
20210419,kk,412
20210419,kp,436
20210419,kr,1193
20210419,lj,3189
20210419,mb,1785
20210419,ms,565
20210419,ng,584
20210419,nm,910
20210419,po,463
20210419,sg,378
20210419,si,12344
20210419,za,385
20210418,ce,1852
20210418,kk,383
20210418,kp,408
20210418,kr,1141
20210418,lj,3133
20210418,mb,1785
20210418,ms,572
20210418,ng,562
20210418,nm,842
20210418,po,419
20210418,sg,384
20210418,si,11893
20210418,za,351
20210417,ce,1845
20210417,kk,378
20210417,kp,406
20210417,kr,1149
20210417,lj,3162
20210417,mb,1804
20210417,ms,565
20210417,ng,568
20210417,nm,849
20210417,po,419
20210417,sg,381
20210417,si,11943
20210417,za,356
20210416,ce,1867
20210416,kk,371
20210416,kp,412
20210416,kr,1167
20210416,lj,3284
20210416,mb,1850
20210416,ms,552
20210416,ng,612
20210416,nm,860
20210416,po,417
20210416,sg,376
20210416,si,12188
20210416,za,355
20210415,ce,1991
20210415,kk,368
20210415,kp,463
20210415,kr,1208
20210415,lj,3368
20210415,mb,1900
20210415,ms,564
20210415,ng,690
20210415,nm,918
20210415,po,422
20210415,sg,399
20210415,si,12715
20210415,za,349
20210414,ce,2047
20210414,kk,368
20210414,kp,509
20210414,kr,1212
20210414,lj,3416
20210414,mb,1942
20210414,ms,576
20210414,ng,755
20210414,nm,949
20210414,po,432
20210414,sg,414
20210414,si,13024
20210414,za,332
20210413,ce,2108
20210413,kk,368
20210413,kp,551
20210413,kr,1226
20210413,lj,3609
20210413,mb,1992
20210413,ms,579
20210413,ng,793
20210413,nm,977
20210413,po,417
20210413,sg,446
20210413,si,13470
20210413,za,328
20210412,ce,2171
20210412,kk,357
20210412,kp,619
20210412,kr,1228
20210412,lj,3705
20210412,mb,2064
20210412,ms,570
20210412,ng,824
20210412,nm,988
20210412,po,407
20210412,sg,451
20210412,si,13806
20210412,za,339
20210411,ce,2184
20210411,kk,343
20210411,kp,673
20210411,kr,1223
20210411,lj,3650
20210411,mb,2064
20210411,ms,560
20210411,ng,874
20210411,nm,990
20210411,po,397
20210411,sg,460
20210411,si,13840
20210411,za,337
20210410,ce,2188
20210410,kk,339
20210410,kp,672
20210410,kr,1203
20210410,lj,3654
20210410,mb,2065
20210410,ms,553
20210410,ng,882
20210410,nm,999
20210410,po,398
20210410,sg,466
20210410,si,13837
20210410,za,334
20210409,ce,2179
20210409,kk,340
20210409,kp,674
20210409,kr,1191
20210409,lj,3729
20210409,mb,2047
20210409,ms,550
20210409,ng,923
20210409,nm,998
20210409,po,394
20210409,sg,470
20210409,si,13929
20210409,za,351
20210408,ce,2162
20210408,kk,327
20210408,kp,708
20210408,kr,1175
20210408,lj,3767
20210408,mb,2033
20210408,ms,503
20210408,ng,971
20210408,nm,996
20210408,po,389
20210408,sg,479
20210408,si,13925
20210408,za,331
20210407,ce,2091
20210407,kk,308
20210407,kp,729
20210407,kr,1125
20210407,lj,3708
20210407,mb,2041
20210407,ms,493
20210407,ng,1010
20210407,nm,963
20210407,po,358
20210407,sg,454
20210407,si,13679
20210407,za,320
20210406,ce,1992
20210406,kk,291
20210406,kp,710
20210406,kr,1101
20210406,lj,3598
20210406,mb,1998
20210406,ms,455
20210406,ng,1038
20210406,nm,920
20210406,po,338
20210406,sg,476
20210406,si,13313
20210406,za,313
20210405,ce,1973
20210405,kk,270
20210405,kp,770
20210405,kr,1123
20210405,lj,3663
20210405,mb,1959
20210405,ms,479
20210405,ng,1063
20210405,nm,924
20210405,po,317
20210405,sg,461
20210405,si,13411
20210405,za,324
20210404,ce,2135
20210404,kk,290
20210404,kp,842
20210404,kr,1179
20210404,lj,3772
20210404,mb,2049
20210404,ms,496
20210404,ng,1132
20210404,nm,967
20210404,po,340
20210404,sg,481
20210404,si,14123
20210404,za,351
20210403,ce,2141
20210403,kk,285
20210403,kp,845
20210403,kr,1180
20210403,lj,3748
20210403,mb,2054
20210403,ms,512
20210403,ng,1133
20210403,nm,958
20210403,po,341
20210403,sg,498
20210403,si,14130
20210403,za,346
20210402,ce,2132
20210402,kk,294
20210402,kp,841
20210402,kr,1156
20210402,lj,3639
20210402,mb,2000
20210402,ms,527
20210402,ng,1110
20210402,nm,945
20210402,po,346
20210402,sg,509
20210402,si,13926
20210402,za,344
20210401,ce,2035
20210401,kk,273
20210401,kp,828
20210401,kr,1135
20210401,lj,3654
20210401,mb,1981
20210401,ms,534
20210401,ng,1054
20210401,nm,905
20210401,po,333
20210401,sg,498
20210401,si,13660
20210401,za,354
20210331,ce,1956
20210331,kk,261
20210331,kp,833
20210331,kr,1138
20210331,lj,3601
20210331,mb,1955
20210331,ms,508
20210331,ng,1039
20210331,nm,862
20210331,po,317
20210331,sg,515
20210331,si,13432
20210331,za,371
20210330,ce,1871
20210330,kk,250
20210330,kp,863
20210330,kr,1119
20210330,lj,3477
20210330,mb,1892
20210330,ms,507
20210330,ng,1021
20210330,nm,830
20210330,po,314
20210330,sg,480
20210330,si,13070
20210330,za,369
20210329,ce,1773
20210329,kk,232
20210329,kp,838
20210329,kr,1115
20210329,lj,3337
20210329,mb,1812
20210329,ms,502
20210329,ng,956
20210329,nm,782
20210329,po,292
20210329,sg,515
20210329,si,12611
20210329,za,382
20210328,ce,1709
20210328,kk,223
20210328,kp,821
20210328,kr,1096
20210328,lj,3335
20210328,mb,1787
20210328,ms,516
20210328,ng,945
20210328,nm,775
20210328,po,284
20210328,sg,501
20210328,si,12448
20210328,za,382
20210327,ce,1710
20210327,kk,217
20210327,kp,821
20210327,kr,1088
20210327,lj,3286
20210327,mb,1780
20210327,ms,519
20210327,ng,941
20210327,nm,758
20210327,po,283
20210327,sg,506
20210327,si,12365
20210327,za,382
20210326,ce,1701
20210326,kk,220
20210326,kp,820
20210326,kr,1092
20210326,lj,3215
20210326,mb,1754
20210326,ms,504
20210326,ng,927
20210326,nm,736
20210326,po,284
20210326,sg,499
20210326,si,12206
20210326,za,375
20210325,ce,1622
20210325,kk,209
20210325,kp,794
20210325,kr,1087
20210325,lj,3074
20210325,mb,1709
20210325,ms,531
20210325,ng,870
20210325,nm,696
20210325,po,264
20210325,sg,494
20210325,si,11806
20210325,za,381
20210324,ce,1544
20210324,kk,212
20210324,kp,805
20210324,kr,1103
20210324,lj,2967
20210324,mb,1631
20210324,ms,531
20210324,ng,824
20210324,nm,702
20210324,po,243
20210324,sg,512
20210324,si,11541
20210324,za,394
20210323,ce,1508
20210323,kk,209
20210323,kp,788
20210323,kr,1094
20210323,lj,2837
20210323,mb,1601
20210323,ms,544
20210323,ng,796
20210323,nm,667
20210323,po,239
20210323,sg,506
20210323,si,11239
20210323,za,382
20210322,ce,1430
20210322,kk,204
20210322,kp,754
20210322,kr,1104
20210322,lj,2764
20210322,mb,1603
20210322,ms,517
20210322,ng,757
20210322,nm,633
20210322,po,220
20210322,sg,488
20210322,si,10909
20210322,za,372
20210321,ce,1372
20210321,kk,201
20210321,kp,743
20210321,kr,1117
20210321,lj,2714
20210321,mb,1527
20210321,ms,512
20210321,ng,722
20210321,nm,624
20210321,po,220
20210321,sg,501
20210321,si,10667
20210321,za,355
20210320,ce,1367
20210320,kk,201
20210320,kp,740
20210320,kr,1115
20210320,lj,2680
20210320,mb,1535
20210320,ms,501
20210320,ng,717
20210320,nm,620
20210320,po,219
20210320,sg,484
20210320,si,10587
20210320,za,350
20210319,ce,1343
20210319,kk,185
20210319,kp,736
20210319,kr,1114
20210319,lj,2667
20210319,mb,1519
20210319,ms,503
20210319,ng,682
20210319,nm,625
20210319,po,210
20210319,sg,472
20210319,si,10454
20210319,za,338
20210318,ce,1316
20210318,kk,187
20210318,kp,732
20210318,kr,1125
20210318,lj,2593
20210318,mb,1501
20210318,ms,491
20210318,ng,710
20210318,nm,620
20210318,po,223
20210318,sg,463
20210318,si,10347
20210318,za,330
20210317,ce,1341
20210317,kk,189
20210317,kp,730
20210317,kr,1144
20210317,lj,2568
20210317,mb,1454
20210317,ms,495
20210317,ng,675
20210317,nm,641
20210317,po,224
20210317,sg,453
20210317,si,10289
20210317,za,321
20210316,ce,1313
20210316,kk,185
20210316,kp,734
20210316,kr,1162
20210316,lj,2593
20210316,mb,1484
20210316,ms,495
20210316,ng,675
20210316,nm,626
20210316,po,222
20210316,sg,479
20210316,si,10335
20210316,za,314
20210315,ce,1296
20210315,kk,185
20210315,kp,769
20210315,kr,1188
20210315,lj,2687
20210315,mb,1508
20210315,ms,488
20210315,ng,668
20210315,nm,620
20210315,po,233
20210315,sg,449
20210315,si,10433
20210315,za,294
20210314,ce,1229
20210314,kk,176
20210314,kp,792
20210314,kr,1210
20210314,lj,2629
20210314,mb,1472
20210314,ms,478
20210314,ng,641
20210314,nm,579
20210314,po,223
20210314,sg,464
20210314,si,10242
20210314,za,297
20210313,ce,1227
20210313,kk,176
20210313,kp,794
20210313,kr,1223
20210313,lj,2671
20210313,mb,1448
20210313,ms,485
20210313,ng,641
20210313,nm,585
20210313,po,225
20210313,sg,461
20210313,si,10282
20210313,za,296
20210312,ce,1227
20210312,kk,168
20210312,kp,792
20210312,kr,1231
20210312,lj,2656
20210312,mb,1441
20210312,ms,488
20210312,ng,617
20210312,nm,593
20210312,po,224
20210312,sg,472
20210312,si,10254
20210312,za,301
20210311,ce,1241
20210311,kk,166
20210311,kp,819
20210311,kr,1240
20210311,lj,2712
20210311,mb,1447
20210311,ms,484
20210311,ng,626
20210311,nm,595
20210311,po,229
20210311,sg,457
20210311,si,10351
20210311,za,290
20210310,ce,1311
20210310,kk,146
20210310,kp,855
20210310,kr,1245
20210310,lj,2791
20210310,mb,1473
20210310,ms,498
20210310,ng,617
20210310,nm,571
20210310,po,238
20210310,sg,449
20210310,si,10498
20210310,za,258
20210309,ce,1306
20210309,kk,157
20210309,kp,883
20210309,kr,1240
20210309,lj,2821
20210309,mb,1470
20210309,ms,472
20210309,ng,578
20210309,nm,578
20210309,po,241
20210309,sg,435
20210309,si,10496
20210309,za,269
20210308,ce,1325
20210308,kk,163
20210308,kp,953
20210308,kr,1228
20210308,lj,2857
20210308,mb,1467
20210308,ms,478
20210308,ng,589
20210308,nm,573
20210308,po,257
20210308,sg,433
20210308,si,10632
20210308,za,259
20210307,ce,1316
20210307,kk,159
20210307,kp,978
20210307,kr,1238
20210307,lj,2923
20210307,mb,1517
20210307,ms,510
20210307,ng,586
20210307,nm,565
20210307,po,262
20210307,sg,415
20210307,si,10792
20210307,za,269
20210306,ce,1329
20210306,kk,164
20210306,kp,978
20210306,kr,1236
20210306,lj,2968
20210306,mb,1476
20210306,ms,526
20210306,ng,582
20210306,nm,571
20210306,po,262
20210306,sg,407
20210306,si,10830
20210306,za,275
20210305,ce,1340
20210305,kk,160
20210305,kp,981
20210305,kr,1237
20210305,lj,2992
20210305,mb,1480
20210305,ms,505
20210305,ng,595
20210305,nm,572
20210305,po,263
20210305,sg,406
20210305,si,10864
20210305,za,274
20210304,ce,1354
20210304,kk,170
20210304,kp,1010
20210304,kr,1246
20210304,lj,3038
20210304,mb,1455
20210304,ms,532
20210304,ng,541
20210304,nm,568
20210304,po,255
20210304,sg,399
20210304,si,10898
20210304,za,267
20210303,ce,1309
20210303,kk,179
20210303,kp,1036
20210303,kr,1252
20210303,lj,3051
20210303,mb,1465
20210303,ms,565
20210303,ng,543
20210303,nm,563
20210303,po,268
20210303,sg,376
20210303,si,10923
20210303,za,252
20210302,ce,1258
20210302,kk,180
20210302,kp,1019
20210302,kr,1246
20210302,lj,3014
20210302,mb,1466
20210302,ms,562
20210302,ng,513
20210302,nm,570
20210302,po,280
20210302,sg,354
20210302,si,10775
20210302,za,250
20210301,ce,1254
20210301,kk,188
20210301,kp,997
20210301,kr,1238
20210301,lj,2961
20210301,mb,1425
20210301,ms,575
20210301,ng,508
20210301,nm,604
20210301,po,283
20210301,sg,341
20210301,si,10664
20210301,za,225
20210228,ce,1248
20210228,kk,197
20210228,kp,972
20210228,kr,1229
20210228,lj,2980
20210228,mb,1422
20210228,ms,601
20210228,ng,505
20210228,nm,632
20210228,po,301
20210228,sg,317
20210228,si,10677
20210228,za,211
20210227,ce,1244
20210227,kk,198
20210227,kp,972
20210227,kr,1220
20210227,lj,3001
20210227,mb,1424
20210227,ms,588
20210227,ng,503
20210227,nm,629
20210227,po,300
20210227,sg,320
20210227,si,10676
20210227,za,214
20210226,ce,1226
20210226,kk,197
20210226,kp,971
20210226,kr,1227
20210226,lj,2966
20210226,mb,1409
20210226,ms,609
20210226,ng,496
20210226,nm,634
20210226,po,302
20210226,sg,308
20210226,si,10607
20210226,za,199
20210225,ce,1200
20210225,kk,222
20210225,kp,999
20210225,kr,1215
20210225,lj,2957
20210225,mb,1432
20210225,ms,592
20210225,ng,490
20210225,nm,650
20210225,po,315
20210225,sg,310
20210225,si,10650
20210225,za,208
20210224,ce,1168
20210224,kk,247
20210224,kp,978
20210224,kr,1239
20210224,lj,3000
20210224,mb,1426
20210224,ms,604
20210224,ng,504
20210224,nm,683
20210224,po,324
20210224,sg,322
20210224,si,10778
20210224,za,217
20210223,ce,1205
20210223,kk,287
20210223,kp,1039
20210223,kr,1260
20210223,lj,3101
20210223,mb,1517
20210223,ms,625
20210223,ng,532
20210223,nm,749
20210223,po,347
20210223,sg,313
20210223,si,11256
20210223,za,213
20210222,ce,1236
20210222,kk,310
20210222,kp,952
20210222,kr,1287
20210222,lj,3191
20210222,mb,1540
20210222,ms,673
20210222,ng,535
20210222,nm,812
20210222,po,356
20210222,sg,337
20210222,si,11530
20210222,za,231
20210221,ce,1145
20210221,kk,335
20210221,kp,872
20210221,kr,1218
20210221,lj,3033
20210221,mb,1486
20210221,ms,633
20210221,ng,513
20210221,nm,791
20210221,po,334
20210221,sg,324
20210221,si,10965
20210221,za,213
20210220,ce,1151
20210220,kk,339
20210220,kp,877
20210220,kr,1215
20210220,lj,3037
20210220,mb,1508
20210220,ms,629
20210220,ng,521
20210220,nm,788
20210220,po,335
20210220,sg,341
20210220,si,11025
20210220,za,212
20210219,ce,1135
20210219,kk,347
20210219,kp,897
20210219,kr,1228
20210219,lj,3021
20210219,mb,1553
20210219,ms,664
20210219,ng,502
20210219,nm,797
20210219,po,336
20210219,sg,342
20210219,si,11105
20210219,za,213
20210218,ce,1136
20210218,kk,369
20210218,kp,878
20210218,kr,1231
20210218,lj,2984
20210218,mb,1557
20210218,ms,661
20210218,ng,535
20210218,nm,811
20210218,po,351
20210218,sg,329
20210218,si,11129
20210218,za,215
20210217,ce,1147
20210217,kk,386
20210217,kp,832
20210217,kr,1225
20210217,lj,3011
20210217,mb,1597
20210217,ms,623
20210217,ng,536
20210217,nm,829
20210217,po,351
20210217,sg,339
20210217,si,11179
20210217,za,227
20210216,ce,1181
20210216,kk,404
20210216,kp,829
20210216,kr,1244
20210216,lj,3108
20210216,mb,1634
20210216,ms,664
20210216,ng,595
20210216,nm,872
20210216,po,364
20210216,sg,357
20210216,si,11572
20210216,za,246
20210215,ce,1231
20210215,kk,458
20210215,kp,827
20210215,kr,1298
20210215,lj,3184
20210215,mb,1721
20210215,ms,683
20210215,ng,645
20210215,nm,918
20210215,po,365
20210215,sg,373
20210215,si,12037
20210215,za,253
20210214,ce,1346
20210214,kk,533
20210214,kp,854
20210214,kr,1363
20210214,lj,3416
20210214,mb,1792
20210214,ms,679
20210214,ng,670
20210214,nm,991
20210214,po,382
20210214,sg,416
20210214,si,12810
20210214,za,287
20210213,ce,1365
20210213,kk,546
20210213,kp,852
20210213,kr,1369
20210213,lj,3403
20210213,mb,1845
20210213,ms,702
20210213,ng,678
20210213,nm,1001
20210213,po,383
20210213,sg,412
20210213,si,12914
20210213,za,279
20210212,ce,1388
20210212,kk,567
20210212,kp,857
20210212,kr,1349
20210212,lj,3425
20210212,mb,1976
20210212,ms,676
20210212,ng,711
20210212,nm,995
20210212,po,383
20210212,sg,431
20210212,si,13117
20210212,za,277
20210211,ce,1407
20210211,kk,611
20210211,kp,839
20210211,kr,1389
20210211,lj,3489
20210211,mb,1984
20210211,ms,754
20210211,ng,708
20210211,nm,1054
20210211,po,387
20210211,sg,436
20210211,si,13427
20210211,za,285
20210210,ce,1439
20210210,kk,629
20210210,kp,845
20210210,kr,1390
20210210,lj,3499
20210210,mb,2065
20210210,ms,777
20210210,ng,755
20210210,nm,1090
20210210,po,386
20210210,sg,430
20210210,si,13685
20210210,za,302
20210209,ce,1462
20210209,kk,634
20210209,kp,802
20210209,kr,1409
20210209,lj,3528
20210209,mb,2118
20210209,ms,816
20210209,ng,804
20210209,nm,1107
20210209,po,374
20210209,sg,442
20210209,si,13889
20210209,za,313
20210208,ce,1496
20210208,kk,677
20210208,kp,862
20210208,kr,1459
20210208,lj,3657
20210208,mb,2130
20210208,ms,837
20210208,ng,878
20210208,nm,1154
20210208,po,373
20210208,sg,437
20210208,si,14397
20210208,za,331
20210207,ce,1743
20210207,kk,733
20210207,kp,985
20210207,kr,1596
20210207,lj,3904
20210207,mb,2294
20210207,ms,878
20210207,ng,992
20210207,nm,1261
20210207,po,401
20210207,sg,460
20210207,si,15741
20210207,za,385
20210206,ce,1739
20210206,kk,728
20210206,kp,988
20210206,kr,1603
20210206,lj,3911
20210206,mb,2288
20210206,ms,865
20210206,ng,1001
20210206,nm,1264
20210206,po,402
20210206,sg,453
20210206,si,15730
20210206,za,384
20210205,ce,1757
20210205,kk,733
20210205,kp,976
20210205,kr,1595
20210205,lj,3895
20210205,mb,2286
20210205,ms,881
20210205,ng,1029
20210205,nm,1272
20210205,po,401
20210205,sg,457
20210205,si,15773
20210205,za,389
20210204,ce,1808
20210204,kk,761
20210204,kp,1013
20210204,kr,1639
20210204,lj,3992
20210204,mb,2386
20210204,ms,909
20210204,ng,1081
20210204,nm,1335
20210204,po,412
20210204,sg,458
20210204,si,16309
20210204,za,413
20210203,ce,1874
20210203,kk,778
20210203,kp,1060
20210203,kr,1638
20210203,lj,4033
20210203,mb,2434
20210203,ms,950
20210203,ng,1191
20210203,nm,1398
20210203,po,426
20210203,sg,464
20210203,si,16808
20210203,za,463
20210202,ce,1946
20210202,kk,837
20210202,kp,1063
20210202,kr,1619
20210202,lj,4048
20210202,mb,2449
20210202,ms,980
20210202,ng,1205
20210202,nm,1434
20210202,po,410
20210202,sg,437
20210202,si,16999
20210202,za,471
20210201,ce,1963
20210201,kk,845
20210201,kp,1066
20210201,kr,1609
20210201,lj,4050
20210201,mb,2475
20210201,ms,1010
20210201,ng,1255
20210201,nm,1423
20210201,po,422
20210201,sg,435
20210201,si,17151
20210201,za,504
20210131,ce,2024
20210131,kk,863
20210131,kp,1074
20210131,kr,1599
20210131,lj,4041
20210131,mb,2511
20210131,ms,1046
20210131,ng,1290
20210131,nm,1434
20210131,po,420
20210131,sg,411
20210131,si,17342
20210131,za,534
20210130,ce,2009
20210130,kk,859
20210130,kp,1083
20210130,kr,1604
20210130,lj,4031
20210130,mb,2475
20210130,ms,1038
20210130,ng,1295
20210130,nm,1440
20210130,po,419
20210130,sg,409
20210130,si,17294
20210130,za,536
20210129,ce,2012
20210129,kk,860
20210129,kp,1083
20210129,kr,1603
20210129,lj,4043
20210129,mb,2379
20210129,ms,1072
20210129,ng,1315
20210129,nm,1467
20210129,po,417
20210129,sg,389
20210129,si,17280
20210129,za,542
20210128,ce,2068
20210128,kk,862
20210128,kp,1062
20210128,kr,1609
20210128,lj,4037
20210128,mb,2428
20210128,ms,1049
20210128,ng,1333
20210128,nm,1476
20210128,po,425
20210128,sg,411
20210128,si,17527
20210128,za,543
20210127,ce,2128
20210127,kk,896
20210127,kp,1043
20210127,kr,1628
20210127,lj,4100
20210127,mb,2442
20210127,ms,1025
20210127,ng,1357
20210127,nm,1474
20210127,po,439
20210127,sg,417
20210127,si,17723
20210127,za,543
20210126,ce,2183
20210126,kk,923
20210126,kp,1029
20210126,kr,1658
20210126,lj,4215
20210126,mb,2482
20210126,ms,1049
20210126,ng,1319
20210126,nm,1464
20210126,po,442
20210126,sg,436
20210126,si,17990
20210126,za,547
20210125,ce,2274
20210125,kk,922
20210125,kp,1010
20210125,kr,1670
20210125,lj,4197
20210125,mb,2559
20210125,ms,1072
20210125,ng,1353
20210125,nm,1497
20210125,po,437
20210125,sg,474
20210125,si,18217
20210125,za,530
20210124,ce,2314
20210124,kk,928
20210124,kp,974
20210124,kr,1672
20210124,lj,4202
20210124,mb,2626
20210124,ms,1112
20210124,ng,1356
20210124,nm,1516
20210124,po,462
20210124,sg,486
20210124,si,18445
20210124,za,540
20210123,ce,2317
20210123,kk,941
20210123,kp,968
20210123,kr,1667
20210123,lj,4200
20210123,mb,2675
20210123,ms,1144
20210123,ng,1365
20210123,nm,1517
20210123,po,460
20210123,sg,507
20210123,si,18574
20210123,za,548
20210122,ce,2357
20210122,kk,967
20210122,kp,963
20210122,kr,1683
20210122,lj,4216
20210122,mb,2691
20210122,ms,1147
20210122,ng,1438
20210122,nm,1545
20210122,po,462
20210122,sg,513
20210122,si,18796
20210122,za,545
20210121,ce,2452
20210121,kk,1016
20210121,kp,942
20210121,kr,1685
20210121,lj,4325
20210121,mb,2728
20210121,ms,1143
20210121,ng,1454
20210121,nm,1558
20210121,po,464
20210121,sg,553
20210121,si,19137
20210121,za,549
20210120,ce,2534
20210120,kk,1078
20210120,kp,928
20210120,kr,1743
20210120,lj,4478
20210120,mb,2870
20210120,ms,1200
20210120,ng,1478
20210120,nm,1571
20210120,po,464
20210120,sg,615
20210120,si,19762
20210120,za,527
20210119,ce,2827
20210119,kk,1138
20210119,kp,987
20210119,kr,1824
20210119,lj,4697
20210119,mb,3001
20210119,ms,1265
20210119,ng,1526
20210119,nm,1636
20210119,po,506
20210119,sg,729
20210119,si,21001
20210119,za,584
20210118,ce,3120
20210118,kk,1311
20210118,kp,1037
20210118,kr,1938
20210118,lj,5107
20210118,mb,3133
20210118,ms,1382
20210118,ng,1534
20210118,nm,1864
20210118,po,508
20210118,sg,852
20210118,si,22712
20210118,za,631
20210117,ce,3231
20210117,kk,1418
20210117,kp,1044
20210117,kr,2020
20210117,lj,5230
20210117,mb,3295
20210117,ms,1408
20210117,ng,1572
20210117,nm,2043
20210117,po,525
20210117,sg,879
20210117,si,23610
20210117,za,641
20210116,ce,3278
20210116,kk,1495
20210116,kp,1045
20210116,kr,2045
20210116,lj,5368
20210116,mb,3326
20210116,ms,1470
20210116,ng,1582
20210116,nm,2086
20210116,po,526
20210116,sg,898
20210116,si,24076
20210116,za,651
20210115,ce,3333
20210115,kk,1540
20210115,kp,1043
20210115,kr,2082
20210115,lj,5319
20210115,mb,3322
20210115,ms,1510
20210115,ng,1575
20210115,nm,2107
20210115,po,528
20210115,sg,939
20210115,si,24263
20210115,za,658
20210114,ce,3208
20210114,kk,1474
20210114,kp,982
20210114,kr,1977
20210114,lj,5122
20210114,mb,3190
20210114,ms,1467
20210114,ng,1509
20210114,nm,1992
20210114,po,478
20210114,sg,901
20210114,si,23112
20210114,za,633
20210113,ce,3243
20210113,kk,1530
20210113,kp,966
20210113,kr,1946
20210113,lj,5096
20210113,mb,3255
20210113,ms,1552
20210113,ng,1505
20210113,nm,2069
20210113,po,454
20210113,sg,947
20210113,si,23383
20210113,za,641
20210112,ce,3428
20210112,kk,1556
20210112,kp,981
20210112,kr,1994
20210112,lj,5144
20210112,mb,3280
20210112,ms,1571
20210112,ng,1542
20210112,nm,2198
20210112,po,429
20210112,sg,1027
20210112,si,24004
20210112,za,687
20210111,ce,3400
20210111,kk,1608
20210111,kp,1035
20210111,kr,1960
20210111,lj,5145
20210111,mb,3372
20210111,ms,1621
20210111,ng,1457
20210111,nm,2276
20210111,po,476
20210111,sg,1075
20210111,si,24330
20210111,za,738
20210110,ce,3353
20210110,kk,1666
20210110,kp,1078
20210110,kr,1962
20210110,lj,5281
20210110,mb,3335
20210110,ms,1594
20210110,ng,1387
20210110,nm,2335
20210110,po,490
20210110,sg,1072
20210110,si,24412
20210110,za,722
20210109,ce,3352
20210109,kk,1664
20210109,kp,1079
20210109,kr,1967
20210109,lj,5335
20210109,mb,3372
20210109,ms,1636
20210109,ng,1368
20210109,nm,2348
20210109,po,494
20210109,sg,1057
20210109,si,24519
20210109,za,717
20210108,ce,3350
20210108,kk,1677
20210108,kp,1080
20210108,kr,1944
20210108,lj,5331
20210108,mb,3317
20210108,ms,1604
20210108,ng,1294
20210108,nm,2341
20210108,po,494
20210108,sg,1094
20210108,si,24379
20210108,za,726
20210107,ce,3099
20210107,kk,1564
20210107,kp,1001
20210107,kr,1825
20210107,lj,4981
20210107,mb,3146
20210107,ms,1585
20210107,ng,1173
20210107,nm,2217
20210107,po,447
20210107,sg,1050
20210107,si,22887
20210107,za,678
20210106,ce,3092
20210106,kk,1629
20210106,kp,960
20210106,kr,1782
20210106,lj,4933
20210106,mb,3103
20210106,ms,1563
20210106,ng,1066
20210106,nm,2233
20210106,po,425
20210106,sg,1034
20210106,si,22615
20210106,za,680
20210105,ce,2968
20210105,kk,1609
20210105,kp,880
20210105,kr,1729
20210105,lj,4765
20210105,mb,3161
20210105,ms,1516
20210105,ng,983
20210105,nm,2244
20210105,po,390
20210105,sg,981
20210105,si,21982
20210105,za,643
20210104,ce,2797
20210104,kk,1489
20210104,kp,819
20210104,kr,1584
20210104,lj,4375
20210104,mb,3131
20210104,ms,1416
20210104,ng,924
20210104,nm,2199
20210104,po,385
20210104,sg,883
20210104,si,20711
20210104,za,601
20210103,ce,2660
20210103,kk,1343
20210103,kp,832
20210103,kr,1466
20210103,lj,4176
20210103,mb,2959
20210103,ms,1413
20210103,ng,825
20210103,nm,2071
20210103,po,372
20210103,sg,873
20210103,si,19657
20210103,za,565
20210102,ce,2631
20210102,kk,1269
20210102,kp,824
20210102,kr,1423
20210102,lj,4043
20210102,mb,2966
20210102,ms,1390
20210102,ng,806
20210102,nm,2041
20210102,po,374
20210102,sg,864
20210102,si,19287
20210102,za,556
20210101,ce,2622
20210101,kk,1258
20210101,kp,823
20210101,kr,1390
20210101,lj,4134
20210101,mb,3110
20210101,ms,1379
20210101,ng,755
20210101,nm,2049
20210101,po,375
20210101,sg,861
20210101,si,19408
20210101,za,553
20201231,ce,2773
20201231,kk,1288
20201231,kp,872
20201231,kr,1456
20201231,lj,4291
20201231,mb,3254
20201231,ms,1454
20201231,ng,805
20201231,nm,2222
20201231,po,420
20201231,sg,893
20201231,si,20440
20201231,za,606
20201230,ce,2753
20201230,kk,1219
20201230,kp,881
20201230,kr,1453
20201230,lj,4272
20201230,mb,3305
20201230,ms,1413
20201230,ng,736
20201230,nm,2179
20201230,po,422
20201230,sg,836
20201230,si,20185
20201230,za,610
20201229,ce,2576
20201229,kk,1223
20201229,kp,873
20201229,kr,1387
20201229,lj,4075
20201229,mb,3250
20201229,ms,1393
20201229,ng,659
20201229,nm,2087
20201229,po,432
20201229,sg,753
20201229,si,19404
20201229,za,592
20201228,ce,2693
20201228,kk,1153
20201228,kp,821
20201228,kr,1394
20201228,lj,3918
20201228,mb,3191
20201228,ms,1372
20201228,ng,645
20201228,nm,2104
20201228,po,421
20201228,sg,729
20201228,si,19086
20201228,za,548
20201227,ce,2675
20201227,kk,1087
20201227,kp,758
20201227,kr,1352
20201227,lj,3808
20201227,mb,3111
20201227,ms,1383
20201227,ng,672
20201227,nm,2038
20201227,po,381
20201227,sg,715
20201227,si,18626
20201227,za,557
20201226,ce,2670
20201226,kk,1085
20201226,kp,760
20201226,kr,1338
20201226,lj,3745
20201226,mb,3100
20201226,ms,1344
20201226,ng,668
20201226,nm,2063
20201226,po,379
20201226,sg,733
20201226,si,18526
20201226,za,552
20201225,ce,2723
20201225,kk,1061
20201225,kp,765
20201225,kr,1382
20201225,lj,3777
20201225,mb,3177
20201225,ms,1399
20201225,ng,658
20201225,nm,2078
20201225,po,384
20201225,sg,701
20201225,si,18737
20201225,za,544
20201224,ce,3004
20201224,kk,1162
20201224,kp,838
20201224,kr,1493
20201224,lj,3975
20201224,mb,3418
20201224,ms,1440
20201224,ng,729
20201224,nm,2219
20201224,po,426
20201224,sg,729
20201224,si,20118
20201224,za,593
20201223,ce,3044
20201223,kk,1108
20201223,kp,854
20201223,kr,1503
20201223,lj,3911
20201223,mb,3363
20201223,ms,1468
20201223,ng,738
20201223,nm,2263
20201223,po,448
20201223,sg,718
20201223,si,20122
20201223,za,610
20201222,ce,3091
20201222,kk,1067
20201222,kp,860
20201222,kr,1479
20201222,lj,3814
20201222,mb,3398
20201222,ms,1462
20201222,ng,686
20201222,nm,2193
20201222,po,450
20201222,sg,737
20201222,si,19910
20201222,za,580
20201221,ce,3042
20201221,kk,1035
20201221,kp,853
20201221,kr,1523
20201221,lj,3803
20201221,mb,3354
20201221,ms,1531
20201221,ng,711
20201221,nm,2176
20201221,po,461
20201221,sg,741
20201221,si,19893
20201221,za,578
20201220,ce,2995
20201220,kk,1104
20201220,kp,806
20201220,kr,1558
20201220,lj,3879
20201220,mb,3390
20201220,ms,1501
20201220,ng,738
20201220,nm,2145
20201220,po,461
20201220,sg,720
20201220,si,19972
20201220,za,593
20201219,ce,3028
20201219,kk,1125
20201219,kp,805
20201219,kr,1568
20201219,lj,3883
20201219,mb,3389
20201219,ms,1504
20201219,ng,734
20201219,nm,2130
20201219,po,458
20201219,sg,755
20201219,si,20056
20201219,za,591
20201218,ce,3073
20201218,kk,1095
20201218,kp,807
20201218,kr,1578
20201218,lj,3844
20201218,mb,3404
20201218,ms,1545
20201218,ng,786
20201218,nm,2134
20201218,po,474
20201218,sg,792
20201218,si,20207
20201218,za,592
20201217,ce,3117
20201217,kk,1127
20201217,kp,861
20201217,kr,1610
20201217,lj,3842
20201217,mb,3512
20201217,ms,1530
20201217,ng,804
20201217,nm,2079
20201217,po,490
20201217,sg,799
20201217,si,20424
20201217,za,566
20201216,ce,3121
20201216,kk,1153
20201216,kp,869
20201216,kr,1630
20201216,lj,3842
20201216,mb,3587
20201216,ms,1583
20201216,ng,840
20201216,nm,2099
20201216,po,535
20201216,sg,816
20201216,si,20693
20201216,za,538
20201215,ce,3165
20201215,kk,1107
20201215,kp,860
20201215,kr,1648
20201215,lj,3876
20201215,mb,3595
20201215,ms,1584
20201215,ng,850
20201215,nm,2095
20201215,po,572
20201215,sg,859
20201215,si,20821
20201215,za,532
20201214,ce,3113
20201214,kk,1199
20201214,kp,884
20201214,kr,1650
20201214,lj,3997
20201214,mb,3812
20201214,ms,1566
20201214,ng,888
20201214,nm,2027
20201214,po,560
20201214,sg,841
20201214,si,21147
20201214,za,524
20201213,ce,3061
20201213,kk,1182
20201213,kp,867
20201213,kr,1649
20201213,lj,3936
20201213,mb,3804
20201213,ms,1553
20201213,ng,836
20201213,nm,2000
20201213,po,580
20201213,sg,852
20201213,si,20914
20201213,za,506
20201212,ce,3075
20201212,kk,1196
20201212,kp,865
20201212,kr,1651
20201212,lj,3929
20201212,mb,3773
20201212,ms,1566
20201212,ng,843
20201212,nm,1958
20201212,po,602
20201212,sg,843
20201212,si,20908
20201212,za,518
20201211,ce,3074
20201211,kk,1205
20201211,kp,874
20201211,kr,1634
20201211,lj,3906
20201211,mb,3963
20201211,ms,1592
20201211,ng,848
20201211,nm,1944
20201211,po,639
20201211,sg,882
20201211,si,21183
20201211,za,528
20201210,ce,3042
20201210,kk,1143
20201210,kp,882
20201210,kr,1611
20201210,lj,3969
20201210,mb,3936
20201210,ms,1602
20201210,ng,834
20201210,nm,1910
20201210,po,625
20201210,sg,879
20201210,si,21034
20201210,za,507
20201209,ce,3061
20201209,kk,1124
20201209,kp,879
20201209,kr,1598
20201209,lj,3874
20201209,mb,3947
20201209,ms,1591
20201209,ng,810
20201209,nm,1875
20201209,po,635
20201209,sg,878
20201209,si,20830
20201209,za,468
20201208,ce,2954
20201208,kk,1098
20201208,kp,873
20201208,kr,1598
20201208,lj,4011
20201208,mb,3811
20201208,ms,1595
20201208,ng,861
20201208,nm,1858
20201208,po,631
20201208,sg,860
20201208,si,20760
20201208,za,520
20201207,ce,3063
20201207,kk,1096
20201207,kp,852
20201207,kr,1594
20201207,lj,3982
20201207,mb,3940
20201207,ms,1568
20201207,ng,809
20201207,nm,1777
20201207,po,616
20201207,sg,948
20201207,si,20854
20201207,za,514
20201206,ce,3084
20201206,kk,1006
20201206,kp,818
20201206,kr,1602
20201206,lj,3900
20201206,mb,3878
20201206,ms,1614
20201206,ng,777
20201206,nm,1711
20201206,po,583
20201206,sg,970
20201206,si,20532
20201206,za,491
20201205,ce,3079
20201205,kk,984
20201205,kp,819
20201205,kr,1606
20201205,lj,3894
20201205,mb,3898
20201205,ms,1631
20201205,ng,777
20201205,nm,1724
20201205,po,582
20201205,sg,934
20201205,si,20523
20201205,za,501
20201204,ce,3094
20201204,kk,978
20201204,kp,827
20201204,kr,1632
20201204,lj,3908
20201204,mb,3869
20201204,ms,1623
20201204,ng,753
20201204,nm,1690
20201204,po,615
20201204,sg,937
20201204,si,20515
20201204,za,494
20201203,ce,3093
20201203,kk,947
20201203,kp,764
20201203,kr,1670
20201203,lj,3947
20201203,mb,3875
20201203,ms,1669
20201203,ng,744
20201203,nm,1674
20201203,po,563
20201203,sg,1008
20201203,si,20559
20201203,za,517
20201202,ce,3139
20201202,kk,927
20201202,kp,730
20201202,kr,1685
20201202,lj,3958
20201202,mb,3737
20201202,ms,1647
20201202,ng,736
20201202,nm,1610
20201202,po,525
20201202,sg,995
20201202,si,20322
20201202,za,545
20201201,ce,3198
20201201,kk,911
20201201,kp,703
20201201,kr,1707
20201201,lj,3945
20201201,mb,3916
20201201,ms,1703
20201201,ng,784
20201201,nm,1580
20201201,po,505
20201201,sg,1044
20201201,si,20614
20201201,za,531
20201130,ce,3130
20201130,kk,793
20201130,kp,653
20201130,kr,1745
20201130,lj,3899
20201130,mb,3775
20201130,ms,1732
20201130,ng,728
20201130,nm,1547
20201130,po,477
20201130,sg,1076
20201130,si,20194
20201130,za,559
20201129,ce,3109
20201129,kk,762
20201129,kp,662
20201129,kr,1800
20201129,lj,3951
20201129,mb,3795
20201129,ms,1746
20201129,ng,740
20201129,nm,1530
20201129,po,458
20201129,sg,1090
20201129,si,20288
20201129,za,564
20201128,ce,3101
20201128,kk,747
20201128,kp,673
20201128,kr,1836
20201128,lj,3957
20201128,mb,3798
20201128,ms,1742
20201128,ng,737
20201128,nm,1578
20201128,po,439
20201128,sg,1115
20201128,si,20361
20201128,za,559
20201127,ce,3092
20201127,kk,715
20201127,kp,658
20201127,kr,1851
20201127,lj,3998
20201127,mb,3673
20201127,ms,1730
20201127,ng,785
20201127,nm,1566
20201127,po,397
20201127,sg,1093
20201127,si,20174
20201127,za,544
20201126,ce,3027
20201126,kk,728
20201126,kp,625
20201126,kr,1912
20201126,lj,4012
20201126,mb,3723
20201126,ms,1804
20201126,ng,764
20201126,nm,1540
20201126,po,411
20201126,sg,1122
20201126,si,20313
20201126,za,577
20201125,ce,2968
20201125,kk,650
20201125,kp,600
20201125,kr,1984
20201125,lj,4103
20201125,mb,3761
20201125,ms,1826
20201125,ng,761
20201125,nm,1454
20201125,po,381
20201125,sg,1089
20201125,si,20217
20201125,za,568
20201124,ce,2932
20201124,kk,633
20201124,kp,587
20201124,kr,2088
20201124,lj,4120
20201124,mb,3776
20201124,ms,1892
20201124,ng,737
20201124,nm,1469
20201124,po,412
20201124,sg,1085
20201124,si,20367
20201124,za,562
20201123,ce,2825
20201123,kk,567
20201123,kp,564
20201123,kr,2224
20201123,lj,4311
20201123,mb,3720
20201123,ms,1876
20201123,ng,815
20201123,nm,1407
20201123,po,402
20201123,sg,1015
20201123,si,20361
20201123,za,568
20201122,ce,2784
20201122,kk,548
20201122,kp,558
20201122,kr,2253
20201122,lj,4251
20201122,mb,3674
20201122,ms,1842
20201122,ng,799
20201122,nm,1426
20201122,po,405
20201122,sg,988
20201122,si,20142
20201122,za,553
20201121,ce,2780
20201121,kk,545
20201121,kp,560
20201121,kr,2267
20201121,lj,4242
20201121,mb,3669
20201121,ms,1853
20201121,ng,804
20201121,nm,1419
20201121,po,406
20201121,sg,986
20201121,si,20137
20201121,za,545
20201120,ce,2682
20201120,kk,538
20201120,kp,553
20201120,kr,2290
20201120,lj,4321
20201120,mb,3643
20201120,ms,1825
20201120,ng,788
20201120,nm,1402
20201120,po,357
20201120,sg,977
20201120,si,20003
20201120,za,566
20201119,ce,2588
20201119,kk,529
20201119,kp,549
20201119,kr,2313
20201119,lj,4466
20201119,mb,3521
20201119,ms,1858
20201119,ng,784
20201119,nm,1386
20201119,po,377
20201119,sg,920
20201119,si,19925
20201119,za,568
20201118,ce,2535
20201118,kk,488
20201118,kp,546
20201118,kr,2378
20201118,lj,4584
20201118,mb,3491
20201118,ms,1870
20201118,ng,767
20201118,nm,1392
20201118,po,366
20201118,sg,923
20201118,si,19943
20201118,za,536
20201117,ce,2375
20201117,kk,460
20201117,kp,540
20201117,kr,2438
20201117,lj,4675
20201117,mb,3314
20201117,ms,1881
20201117,ng,759
20201117,nm,1326
20201117,po,359
20201117,sg,845
20201117,si,19566
20201117,za,523
20201116,ce,2426
20201116,kk,454
20201116,kp,519
20201116,kr,2509
20201116,lj,4791
20201116,mb,3251
20201116,ms,1885
20201116,ng,782
20201116,nm,1260
20201116,po,360
20201116,sg,782
20201116,si,19580
20201116,za,490
20201115,ce,2402
20201115,kk,434
20201115,kp,490
20201115,kr,2553
20201115,lj,4786
20201115,mb,3174
20201115,ms,1861
20201115,ng,752
20201115,nm,1255
20201115,po,354
20201115,sg,758
20201115,si,19364
20201115,za,470
20201114,ce,2426
20201114,kk,434
20201114,kp,477
20201114,kr,2553
20201114,lj,4848
20201114,mb,3215
20201114,ms,1882
20201114,ng,753
20201114,nm,1215
20201114,po,349
20201114,sg,731
20201114,si,19421
20201114,za,464
20201113,ce,2423
20201113,kk,441
20201113,kp,491
20201113,kr,2626
20201113,lj,5078
20201113,mb,3266
20201113,ms,1886
20201113,ng,736
20201113,nm,1210
20201113,po,369
20201113,sg,750
20201113,si,19846
20201113,za,490
20201112,ce,2421
20201112,kk,411
20201112,kp,474
20201112,kr,2761
20201112,lj,5186
20201112,mb,3215
20201112,ms,1793
20201112,ng,833
20201112,nm,1187
20201112,po,340
20201112,sg,754
20201112,si,19903
20201112,za,446
20201111,ce,2470
20201111,kk,421
20201111,kp,450
20201111,kr,2883
20201111,lj,5457
20201111,mb,3104
20201111,ms,1730
20201111,ng,813
20201111,nm,1195
20201111,po,338
20201111,sg,782
20201111,si,20187
20201111,za,459
20201110,ce,2534
20201110,kk,408
20201110,kp,477
20201110,kr,3152
20201110,lj,5801
20201110,mb,3064
20201110,ms,1673
20201110,ng,840
20201110,nm,1181
20201110,po,311
20201110,sg,794
20201110,si,20747
20201110,za,428
20201109,ce,2652
20201109,kk,439
20201109,kp,522
20201109,kr,3270
20201109,lj,5987
20201109,mb,2921
20201109,ms,1711
20201109,ng,773
20201109,nm,1255
20201109,po,312
20201109,sg,790
20201109,si,21130
20201109,za,414
20201108,ce,2660
20201108,kk,444
20201108,kp,535
20201108,kr,3332
20201108,lj,6151
20201108,mb,3015
20201108,ms,1708
20201108,ng,795
20201108,nm,1245
20201108,po,304
20201108,sg,829
20201108,si,21543
20201108,za,437
20201107,ce,2694
20201107,kk,458
20201107,kp,536
20201107,kr,3575
20201107,lj,6448
20201107,mb,3026
20201107,ms,1683
20201107,ng,827
20201107,nm,1259
20201107,po,305
20201107,sg,846
20201107,si,22195
20201107,za,448
20201106,ce,2843
20201106,kk,484
20201106,kp,596
20201106,kr,3806
20201106,lj,6642
20201106,mb,3013
20201106,ms,1707
20201106,ng,859
20201106,nm,1317
20201106,po,344
20201106,sg,824
20201106,si,23006
20201106,za,478
20201105,ce,2983
20201105,kk,497
20201105,kp,566
20201105,kr,4014
20201105,lj,6782
20201105,mb,3034
20201105,ms,1614
20201105,ng,845
20201105,nm,1318
20201105,po,346
20201105,sg,813
20201105,si,23362
20201105,za,463
20201104,ce,3051
20201104,kk,512
20201104,kp,593
20201104,kr,4097
20201104,lj,6779
20201104,mb,2978
20201104,ms,1552
20201104,ng,851
20201104,nm,1300
20201104,po,340
20201104,sg,839
20201104,si,23456
20201104,za,477
20201103,ce,3077
20201103,kk,519
20201103,kp,600
20201103,kr,4122
20201103,lj,6867
20201103,mb,2889
20201103,ms,1487
20201103,ng,800
20201103,nm,1331
20201103,po,345
20201103,sg,846
20201103,si,23435
20201103,za,468
20201102,ce,2954
20201102,kk,517
20201102,kp,583
20201102,kr,4119
20201102,lj,6764
20201102,mb,2753
20201102,ms,1387
20201102,ng,765
20201102,nm,1327
20201102,po,333
20201102,sg,859
20201102,si,22908
20201102,za,466
20201101,ce,2882
20201101,kk,516
20201101,kp,564
20201101,kr,4060
20201101,lj,6637
20201101,mb,2724
20201101,ms,1364
20201101,ng,764
20201101,nm,1305
20201101,po,319
20201101,sg,863
20201101,si,22533
20201101,za,462
20201031,ce,2875
20201031,kk,513
20201031,kp,565
20201031,kr,4079
20201031,lj,6696
20201031,mb,2643
20201031,ms,1312
20201031,ng,771
20201031,nm,1315
20201031,po,320
20201031,sg,884
20201031,si,22513
20201031,za,462
20201030,ce,2807
20201030,kk,553
20201030,kp,557
20201030,kr,4045
20201030,lj,6527
20201030,mb,2434
20201030,ms,1248
20201030,ng,727
20201030,nm,1306
20201030,po,304
20201030,sg,847
20201030,si,21893
20201030,za,456
20201029,ce,2726
20201029,kk,569
20201029,kp,539
20201029,kr,3886
20201029,lj,6285
20201029,mb,2240
20201029,ms,1177
20201029,ng,623
20201029,nm,1301
20201029,po,299
20201029,sg,808
20201029,si,20994
20201029,za,460
20201028,ce,2516
20201028,kk,577
20201028,kp,529
20201028,kr,3741
20201028,lj,5946
20201028,mb,2129
20201028,ms,1117
20201028,ng,610
20201028,nm,1281
20201028,po,284
20201028,sg,780
20201028,si,20030
20201028,za,440
20201027,ce,2293
20201027,kk,571
20201027,kp,465
20201027,kr,3362
20201027,lj,5375
20201027,mb,1947
20201027,ms,1008
20201027,ng,556
20201027,nm,1233
20201027,po,258
20201027,sg,718
20201027,si,18286
20201027,za,419
20201026,ce,1955
20201026,kk,529
20201026,kp,376
20201026,kr,3076
20201026,lj,4858
20201026,mb,1771
20201026,ms,862
20201026,ng,512
20201026,nm,1084
20201026,po,231
20201026,sg,656
20201026,si,16382
20201026,za,394
20201025,ce,1834
20201025,kk,500
20201025,kp,329
20201025,kr,2889
20201025,lj,4562
20201025,mb,1625
20201025,ms,785
20201025,ng,482
20201025,nm,1014
20201025,po,223
20201025,sg,597
20201025,si,15279
20201025,za,352
20201024,ce,1760
20201024,kk,483
20201024,kp,324
20201024,kr,2621
20201024,lj,4257
20201024,mb,1520
20201024,ms,717
20201024,ng,443
20201024,nm,985
20201024,po,222
20201024,sg,574
20201024,si,14330
20201024,za,338
20201023,ce,1579
20201023,kk,479
20201023,kp,260
20201023,kr,2367
20201023,lj,3943
20201023,mb,1359
20201023,ms,628
20201023,ng,416
20201023,nm,907
20201023,po,183
20201023,sg,539
20201023,si,13039
20201023,za,295
20201022,ce,1318
20201022,kk,439
20201022,kp,254
20201022,kr,2020
20201022,lj,3497
20201022,mb,1168
20201022,ms,556
20201022,ng,371
20201022,nm,827
20201022,po,155
20201022,sg,501
20201022,si,11450
20201022,za,261
20201021,ce,1087
20201021,kk,402
20201021,kp,198
20201021,kr,1786
20201021,lj,3180
20201021,mb,1015
20201021,ms,488
20201021,ng,321
20201021,nm,761
20201021,po,146
20201021,sg,452
20201021,si,10152
20201021,za,235
20201020,ce,926
20201020,kk,368
20201020,kp,152
20201020,kr,1569
20201020,lj,2802
20201020,mb,872
20201020,ms,380
20201020,ng,286
20201020,nm,709
20201020,po,116
20201020,sg,397
20201020,si,8870
20201020,za,214
20201019,ce,772
20201019,kk,335
20201019,kp,117
20201019,kr,1329
20201019,lj,2498
20201019,mb,763
20201019,ms,312
20201019,ng,250
20201019,nm,619
20201019,po,111
20201019,sg,343
20201019,si,7722
20201019,za,194
20201018,ce,729
20201018,kk,313
20201018,kp,104
20201018,kr,1200
20201018,lj,2343
20201018,mb,696
20201018,ms,274
20201018,ng,237
20201018,nm,555
20201018,po,94
20201018,sg,312
20201018,si,7110
20201018,za,174
20201017,ce,696
20201017,kk,306
20201017,kp,103
20201017,kr,1141
20201017,lj,2158
20201017,mb,642
20201017,ms,249
20201017,ng,227
20201017,nm,522
20201017,po,93
20201017,sg,268
20201017,si,6648
20201017,za,169
20201016,ce,659
20201016,kk,253
20201016,kp,92
20201016,kr,1037
20201016,lj,1951
20201016,mb,605
20201016,ms,217
20201016,ng,210
20201016,nm,498
20201016,po,86
20201016,sg,262
20201016,si,6089
20201016,za,154
20201015,ce,571
20201015,kk,208
20201015,kp,85
20201015,kr,909
20201015,lj,1769
20201015,mb,546
20201015,ms,207
20201015,ng,179
20201015,nm,431
20201015,po,75
20201015,sg,235
20201015,si,5419
20201015,za,140
20201014,ce,528
20201014,kk,164
20201014,kp,78
20201014,kr,761
20201014,lj,1597
20201014,mb,505
20201014,ms,199
20201014,ng,162
20201014,nm,360
20201014,po,67
20201014,sg,211
20201014,si,4822
20201014,za,133
20201013,ce,454
20201013,kk,138
20201013,kp,66
20201013,kr,660
20201013,lj,1419
20201013,mb,468
20201013,ms,185
20201013,ng,144
20201013,nm,294
20201013,po,60
20201013,sg,192
20201013,si,4249
20201013,za,119
20201012,ce,426
20201012,kk,115
20201012,kp,55
20201012,kr,545
20201012,lj,1269
20201012,mb,450
20201012,ms,154
20201012,ng,116
20201012,nm,226
20201012,po,46
20201012,sg,183
20201012,si,3744
20201012,za,111
20201011,ce,393
20201011,kk,110
20201011,kp,55
20201011,kr,501
20201011,lj,1155
20201011,mb,408
20201011,ms,143
20201011,ng,112
20201011,nm,197
20201011,po,41
20201011,sg,184
20201011,si,3444
20201011,za,112
20201010,ce,386
20201010,kk,103
20201010,kp,55
20201010,kr,487
20201010,lj,1110
20201010,mb,376
20201010,ms,145
20201010,ng,109
20201010,nm,187
20201010,po,40
20201010,sg,174
20201010,si,3314
20201010,za,110
20201009,ce,376
20201009,kk,67
20201009,kp,54
20201009,kr,420
20201009,lj,1010
20201009,mb,397
20201009,ms,132
20201009,ng,87
20201009,nm,176
20201009,po,37
20201009,sg,173
20201009,si,3061
20201009,za,105
20201008,ce,365
20201008,kk,57
20201008,kp,51
20201008,kr,387
20201008,lj,931
20201008,mb,380
20201008,ms,124
20201008,ng,83
20201008,nm,157
20201008,po,37
20201008,sg,169
20201008,si,2865
20201008,za,100
20201007,ce,342
20201007,kk,51
20201007,kp,53
20201007,kr,348
20201007,lj,874
20201007,mb,364
20201007,ms,115
20201007,ng,80
20201007,nm,138
20201007,po,40
20201007,sg,168
20201007,si,2695
20201007,za,98
20201006,ce,319
20201006,kk,46
20201006,kp,45
20201006,kr,303
20201006,lj,764
20201006,mb,350
20201006,ms,111
20201006,ng,64
20201006,nm,101
20201006,po,36
20201006,sg,168
20201006,si,2428
20201006,za,99
20201005,ce,296
20201005,kk,40
20201005,kp,43
20201005,kr,272
20201005,lj,684
20201005,mb,329
20201005,ms,100
20201005,ng,58
20201005,nm,74
20201005,po,22
20201005,sg,176
20201005,si,2207
20201005,za,92
20201004,ce,282
20201004,kk,34
20201004,kp,41
20201004,kr,241
20201004,lj,666
20201004,mb,316
20201004,ms,93
20201004,ng,53
20201004,nm,71
20201004,po,27
20201004,sg,170
20201004,si,2105
20201004,za,90
20201003,ce,293
20201003,kk,31
20201003,kp,40
20201003,kr,230
20201003,lj,655
20201003,mb,314
20201003,ms,87
20201003,ng,47
20201003,nm,71
20201003,po,27
20201003,sg,174
20201003,si,2080
20201003,za,90
20201002,ce,281
20201002,kk,32
20201002,kp,40
20201002,kr,211
20201002,lj,646
20201002,mb,307
20201002,ms,83
20201002,ng,46
20201002,nm,60
20201002,po,55
20201002,sg,153
20201002,si,2023
20201002,za,86
20201001,ce,264
20201001,kk,28
20201001,kp,32
20201001,kr,184
20201001,lj,632
20201001,mb,293
20201001,ms,73
20201001,ng,39
20201001,nm,52
20201001,po,62
20201001,sg,148
20201001,si,1908
20201001,za,80
20200930,ce,249
20200930,kk,26
20200930,kp,28
20200930,kr,177
20200930,lj,599
20200930,mb,279
20200930,ms,64
20200930,ng,38
20200930,nm,46
20200930,po,69
20200930,sg,139
20200930,si,1806
20200930,za,74
20200929,ce,246
20200929,kk,23
20200929,kp,29
20200929,kr,172
20200929,lj,585
20200929,mb,262
20200929,ms,54
20200929,ng,37
20200929,nm,39
20200929,po,69
20200929,sg,134
20200929,si,1735
20200929,za,68
20200928,ce,250
20200928,kk,22
20200928,kp,30
20200928,kr,149
20200928,lj,545
20200928,mb,259
20200928,ms,51
20200928,ng,37
20200928,nm,35
20200928,po,77
20200928,sg,127
20200928,si,1656
20200928,za,56
20200927,ce,239
20200927,kk,19
20200927,kp,29
20200927,kr,140
20200927,lj,554
20200927,mb,274
20200927,ms,54
20200927,ng,33
20200927,nm,33
20200927,po,83
20200927,sg,112
20200927,si,1640
20200927,za,52
20200926,ce,245
20200926,kk,19
20200926,kp,29
20200926,kr,142
20200926,lj,560
20200926,mb,281
20200926,ms,48
20200926,ng,33
20200926,nm,30
20200926,po,83
20200926,sg,110
20200926,si,1648
20200926,za,50
20200925,ce,250
20200925,kk,18
20200925,kp,28
20200925,kr,135
20200925,lj,544
20200925,mb,260
20200925,ms,46
20200925,ng,28
20200925,nm,29
20200925,po,95
20200925,sg,93
20200925,si,1589
20200925,za,43
20200924,ce,251
20200924,kk,16
20200924,kp,23
20200924,kr,120
20200924,lj,515
20200924,mb,244
20200924,ms,47
20200924,ng,28
20200924,nm,30
20200924,po,96
20200924,sg,78
20200924,si,1510
20200924,za,41
20200923,ce,233
20200923,kk,14
20200923,kp,18
20200923,kr,113
20200923,lj,474
20200923,mb,254
20200923,ms,44
20200923,ng,25
20200923,nm,30
20200923,po,94
20200923,sg,67
20200923,si,1425
20200923,za,37
20200922,ce,225
20200922,kk,12
20200922,kp,19
20200922,kr,111
20200922,lj,456
20200922,mb,258
20200922,ms,42
20200922,ng,26
20200922,nm,34
20200922,po,90
20200922,sg,56
20200922,si,1382
20200922,za,31
20200921,ce,220
20200921,kk,10
20200921,kp,17
20200921,kr,99
20200921,lj,441
20200921,mb,254
20200921,ms,45
20200921,ng,24
20200921,nm,35
20200921,po,90
20200921,sg,44
20200921,si,1325
20200921,za,25
20200920,ce,208
20200920,kk,12
20200920,kp,14
20200920,kr,94
20200920,lj,418
20200920,mb,252
20200920,ms,45
20200920,ng,25
20200920,nm,42
20200920,po,85
20200920,sg,41
20200920,si,1280
20200920,za,24
20200919,ce,194
20200919,kk,13
20200919,kp,14
20200919,kr,96
20200919,lj,414
20200919,mb,244
20200919,ms,46
20200919,ng,25
20200919,nm,44
20200919,po,85
20200919,sg,35
20200919,si,1255
20200919,za,24
20200918,ce,201
20200918,kk,10
20200918,kp,13
20200918,kr,94
20200918,lj,391
20200918,mb,236
20200918,ms,45
20200918,ng,20
20200918,nm,45
20200918,po,57
20200918,sg,32
20200918,si,1187
20200918,za,23
20200917,ce,194
20200917,kk,12
20200917,kp,12
20200917,kr,91
20200917,lj,357
20200917,mb,221
20200917,ms,43
20200917,ng,20
20200917,nm,46
20200917,po,50
20200917,sg,31
20200917,si,1117
20200917,za,19
20200916,ce,187
20200916,kk,16
20200916,kp,12
20200916,kr,79
20200916,lj,318
20200916,mb,207
20200916,ms,40
20200916,ng,17
20200916,nm,45
20200916,po,42
20200916,sg,29
20200916,si,1027
20200916,za,15
20200915,ce,174
20200915,kk,16
20200915,kp,11
20200915,kr,73
20200915,lj,299
20200915,mb,196
20200915,ms,43
20200915,ng,16
20200915,nm,44
20200915,po,41
20200915,sg,26
20200915,si,976
20200915,za,14
20200914,ce,151
20200914,kk,19
20200914,kp,11
20200914,kr,68
20200914,lj,278
20200914,mb,186
20200914,ms,42
20200914,ng,13
20200914,nm,44
20200914,po,33
20200914,sg,23
20200914,si,908
20200914,za,13
20200913,ce,152
20200913,kk,24
20200913,kp,10
20200913,kr,64
20200913,lj,258
20200913,mb,172
20200913,ms,42
20200913,ng,10
20200913,nm,45
20200913,po,26
20200913,sg,23
20200913,si,866
20200913,za,13
20200912,ce,142
20200912,kk,29
20200912,kp,11
20200912,kr,60
20200912,lj,250
20200912,mb,161
20200912,ms,42
20200912,ng,10
20200912,nm,45
20200912,po,26
20200912,sg,22
20200912,si,837
20200912,za,13
20200911,ce,127
20200911,kk,29
20200911,kp,11
20200911,kr,57
20200911,lj,240
20200911,mb,136
20200911,ms,40
20200911,ng,9
20200911,nm,47
20200911,po,14
20200911,sg,22
20200911,si,769
20200911,za,12
20200910,ce,112
20200910,kk,29
20200910,kp,9
20200910,kr,51
20200910,lj,218
20200910,mb,124
20200910,ms,40
20200910,ng,7
20200910,nm,44
20200910,po,11
20200910,sg,22
20200910,si,701
20200910,za,10
20200909,ce,109
20200909,kk,31
20200909,kp,10
20200909,kr,48
20200909,lj,189
20200909,mb,106
20200909,ms,37
20200909,ng,5
20200909,nm,43
20200909,po,7
20200909,sg,21
20200909,si,635
20200909,za,8
20200908,ce,104
20200908,kk,31
20200908,kp,11
20200908,kr,42
20200908,lj,173
20200908,mb,93
20200908,ms,34
20200908,ng,5
20200908,nm,38
20200908,po,6
20200908,sg,23
20200908,si,590
20200908,za,9
20200907,ce,93
20200907,kk,32
20200907,kp,13
20200907,kr,39
20200907,lj,168
20200907,mb,74
20200907,ms,35
20200907,ng,6
20200907,nm,34
20200907,po,6
20200907,sg,19
20200907,si,547
20200907,za,5
20200906,ce,96
20200906,kk,31
20200906,kp,13
20200906,kr,36
20200906,lj,159
20200906,mb,64
20200906,ms,35
20200906,ng,9
20200906,nm,28
20200906,po,5
20200906,sg,21
20200906,si,525
20200906,za,5
20200905,ce,95
20200905,kk,30
20200905,kp,13
20200905,kr,34
20200905,lj,159
20200905,mb,56
20200905,ms,33
20200905,ng,9
20200905,nm,30
20200905,po,5
20200905,sg,21
20200905,si,514
20200905,za,5
20200904,ce,85
20200904,kk,31
20200904,kp,15
20200904,kr,33
20200904,lj,154
20200904,mb,52
20200904,ms,35
20200904,ng,9
20200904,nm,32
20200904,po,5
20200904,sg,21
20200904,si,505
20200904,za,6
20200903,ce,83
20200903,kk,31
20200903,kp,16
20200903,kr,30
20200903,lj,158
20200903,mb,52
20200903,ms,33
20200903,ng,9
20200903,nm,35
20200903,po,6
20200903,sg,18
20200903,si,505
20200903,za,6
20200902,ce,80
20200902,kk,28
20200902,kp,17
20200902,kr,27
20200902,lj,155
20200902,mb,50
20200902,ms,34
20200902,ng,9
20200902,nm,38
20200902,po,6
20200902,sg,18
20200902,si,496
20200902,za,6
20200901,ce,86
20200901,kk,28
20200901,kp,16
20200901,kr,26
20200901,lj,149
20200901,mb,46
20200901,ms,29
20200901,ng,9
20200901,nm,41
20200901,po,8
20200901,sg,18
20200901,si,486
20200901,za,6
20200831,ce,83
20200831,kk,24
20200831,kp,17
20200831,kr,27
20200831,lj,144
20200831,mb,41
20200831,ms,27
20200831,ng,8
20200831,nm,45
20200831,po,8
20200831,sg,16
20200831,si,468
20200831,za,6
20200830,ce,76
20200830,kk,19
20200830,kp,16
20200830,kr,27
20200830,lj,144
20200830,mb,40
20200830,ms,23
20200830,ng,9
20200830,nm,46
20200830,po,7
20200830,sg,17
20200830,si,454
20200830,za,6
20200829,ce,77
20200829,kk,14
20200829,kp,15
20200829,kr,27
20200829,lj,139
20200829,mb,40
20200829,ms,24
20200829,ng,9
20200829,nm,49
20200829,po,7
20200829,sg,18
20200829,si,449
20200829,za,6
20200828,ce,73
20200828,kk,14
20200828,kp,16
20200828,kr,24
20200828,lj,137
20200828,mb,38
20200828,ms,22
20200828,ng,9
20200828,nm,47
20200828,po,7
20200828,sg,17
20200828,si,433
20200828,za,7
20200827,ce,76
20200827,kk,13
20200827,kp,17
20200827,kr,22
20200827,lj,135
20200827,mb,37
20200827,ms,17
20200827,ng,10
20200827,nm,47
20200827,po,6
20200827,sg,16
20200827,si,428
20200827,za,8
20200826,ce,73
20200826,kk,10
20200826,kp,15
20200826,kr,22
20200826,lj,143
20200826,mb,30
20200826,ms,17
20200826,ng,11
20200826,nm,48
20200826,po,6
20200826,sg,15
20200826,si,423
20200826,za,9
20200825,ce,69
20200825,kk,11
20200825,kp,16
20200825,kr,24
20200825,lj,144
20200825,mb,26
20200825,ms,17
20200825,ng,10
20200825,nm,51
20200825,po,6
20200825,sg,13
20200825,si,419
20200825,za,9
20200824,ce,67
20200824,kk,9
20200824,kp,14
20200824,kr,22
20200824,lj,145
20200824,mb,30
20200824,ms,13
20200824,ng,11
20200824,nm,53
20200824,po,6
20200824,sg,13
20200824,si,414
20200824,za,10
20200823,ce,65
20200823,kk,8
20200823,kp,15
20200823,kr,23
20200823,lj,150
20200823,mb,31
20200823,ms,12
20200823,ng,8
20200823,nm,52
20200823,po,6
20200823,sg,10
20200823,si,410
20200823,za,10
20200822,ce,64
20200822,kk,8
20200822,kp,15
20200822,kr,23
20200822,lj,150
20200822,mb,30
20200822,ms,12
20200822,ng,8
20200822,nm,48
20200822,po,6
20200822,sg,10
20200822,si,402
20200822,za,10
20200821,ce,61
20200821,kk,7
20200821,kp,13
20200821,kr,22
20200821,lj,140
20200821,mb,27
20200821,ms,9
20200821,ng,8
20200821,nm,44
20200821,po,6
20200821,sg,11
20200821,si,370
20200821,za,9
20200820,ce,60
20200820,kk,5
20200820,kp,11
20200820,kr,22
20200820,lj,126
20200820,mb,22
20200820,ms,9
20200820,ng,8
20200820,nm,39
20200820,po,6
20200820,sg,13
20200820,si,341
20200820,za,9
20200819,ce,55
20200819,kk,3
20200819,kp,10
20200819,kr,22
20200819,lj,116
20200819,mb,23
20200819,ms,5
20200819,ng,9
20200819,nm,33
20200819,po,6
20200819,sg,11
20200819,si,313
20200819,za,9
20200818,ce,46
20200818,kk,2
20200818,kp,10
20200818,kr,19
20200818,lj,109
20200818,mb,23
20200818,ms,5
20200818,ng,8
20200818,nm,27
20200818,po,4
20200818,sg,11
20200818,si,285
20200818,za,10
20200817,ce,50
20200817,kk,2
20200817,kp,8
20200817,kr,14
20200817,lj,104
20200817,mb,19
20200817,ms,4
20200817,ng,9
20200817,nm,23
20200817,po,5
20200817,sg,11
20200817,si,266
20200817,za,8
20200816,ce,49
20200816,kk,2
20200816,kp,8
20200816,kr,14
20200816,lj,99
20200816,mb,15
20200816,ms,2
20200816,ng,8
20200816,nm,19
20200816,po,4
20200816,sg,10
20200816,si,248
20200816,za,11
20200815,ce,48
20200815,kk,2
20200815,kp,8
20200815,kr,14
20200815,lj,93
20200815,mb,14
20200815,ms,1
20200815,ng,8
20200815,nm,16
20200815,po,4
20200815,sg,10
20200815,si,236
20200815,za,11
20200814,ce,49
20200814,kk,2
20200814,kp,7
20200814,kr,14
20200814,lj,87
20200814,mb,14
20200814,ms,1
20200814,ng,8
20200814,nm,16
20200814,po,4
20200814,sg,10
20200814,si,230
20200814,za,11
20200813,ce,42
20200813,kk,2
20200813,kp,6
20200813,kr,17
20200813,lj,80
20200813,mb,14
20200813,ms,1
20200813,ng,7
20200813,nm,14
20200813,po,4
20200813,sg,11
20200813,si,213
20200813,za,10
20200812,ce,39
20200812,kk,1
20200812,kp,6
20200812,kr,16
20200812,lj,66
20200812,mb,13
20200812,ms,1
20200812,ng,7
20200812,nm,14
20200812,po,7
20200812,sg,9
20200812,si,193
20200812,za,10
20200811,ce,44
20200811,kp,4
20200811,kr,13
20200811,lj,65
20200811,mb,12
20200811,ms,1
20200811,ng,7
20200811,nm,12
20200811,po,9
20200811,sg,7
20200811,si,188
20200811,za,10
20200810,ce,41
20200810,kp,3
20200810,kr,15
20200810,lj,55
20200810,mb,8
20200810,ms,2
20200810,ng,6
20200810,nm,11
20200810,po,10
20200810,sg,6
20200810,si,171
20200810,za,11
20200809,ce,42
20200809,kp,3
20200809,kr,16
20200809,lj,47
20200809,mb,8
20200809,ms,2
20200809,ng,5
20200809,nm,10
20200809,po,14
20200809,sg,6
20200809,si,168
20200809,za,12
20200808,ce,41
20200808,kp,3
20200808,kr,17
20200808,lj,47
20200808,mb,8
20200808,ms,2
20200808,ng,5
20200808,nm,9
20200808,po,14
20200808,sg,6
20200808,si,167
20200808,za,12
20200807,ce,42
20200807,kp,3
20200807,kr,17
20200807,lj,49
20200807,mb,8
20200807,ms,2
20200807,ng,5
20200807,nm,8
20200807,po,14
20200807,sg,5
20200807,si,181
20200807,za,25
20200806,ce,42
20200806,kk,1
20200806,kp,3
20200806,kr,20
20200806,lj,48
20200806,mb,7
20200806,ms,2
20200806,ng,6
20200806,nm,7
20200806,po,15
20200806,sg,3
20200806,si,181
20200806,za,25
20200805,ce,45
20200805,kk,3
20200805,kp,3
20200805,kr,20
20200805,lj,50
20200805,mb,6
20200805,ms,2
20200805,ng,5
20200805,nm,8
20200805,po,16
20200805,sg,3
20200805,si,190
20200805,za,27
20200804,ce,46
20200804,kk,3
20200804,kp,2
20200804,kr,23
20200804,lj,50
20200804,mb,5
20200804,ms,2
20200804,ng,6
20200804,nm,9
20200804,po,16
20200804,sg,3
20200804,si,202
20200804,za,35
20200803,ce,44
20200803,kk,3
20200803,kp,2
20200803,kr,23
20200803,lj,55
20200803,mb,4
20200803,ms,3
20200803,ng,5
20200803,nm,10
20200803,po,16
20200803,sg,5
20200803,si,213
20200803,za,42
20200802,ce,42
20200802,kk,3
20200802,kp,2
20200802,kr,25
20200802,lj,56
20200802,mb,4
20200802,ms,5
20200802,ng,6
20200802,nm,11
20200802,po,18
20200802,sg,5
20200802,si,228
20200802,za,50
20200801,ce,42
20200801,kk,3
20200801,kp,2
20200801,kr,25
20200801,lj,58
20200801,mb,4
20200801,ms,5
20200801,ng,8
20200801,nm,11
20200801,po,18
20200801,sg,4
20200801,si,234
20200801,za,52
20200731,ce,39
20200731,kk,3
20200731,kp,2
20200731,kr,24
20200731,lj,56
20200731,mb,4
20200731,ms,8
20200731,ng,8
20200731,nm,11
20200731,po,18
20200731,sg,4
20200731,si,231
20200731,za,52
20200730,ce,40
20200730,kk,5
20200730,kp,2
20200730,kr,25
20200730,lj,57
20200730,mb,3
20200730,ms,11
20200730,ng,8
20200730,nm,11
20200730,po,19
20200730,sg,3
20200730,si,240
20200730,za,55
20200729,ce,38
20200729,kk,6
20200729,kp,3
20200729,kr,25
20200729,lj,58
20200729,mb,4
20200729,ms,10
20200729,ng,7
20200729,nm,9
20200729,po,17
20200729,sg,3
20200729,si,242
20200729,za,61
20200728,ce,33
20200728,kk,7
20200728,kp,2
20200728,kr,26
20200728,lj,53
20200728,mb,4
20200728,ms,11
20200728,ng,8
20200728,nm,7
20200728,po,14
20200728,sg,4
20200728,si,237
20200728,za,67
20200727,ce,39
20200727,kk,7
20200727,kp,3
20200727,kr,26
20200727,lj,52
20200727,mb,5
20200727,ms,11
20200727,ng,7
20200727,nm,7
20200727,po,13
20200727,sg,4
20200727,si,242
20200727,za,67
20200726,ce,37
20200726,kk,7
20200726,kp,2
20200726,kr,25
20200726,lj,51
20200726,mb,4
20200726,ms,13
20200726,ng,8
20200726,nm,8
20200726,po,9
20200726,sg,4
20200726,si,238
20200726,za,69
20200725,ce,39
20200725,kk,7
20200725,kp,2
20200725,kr,24
20200725,lj,49
20200725,mb,5
20200725,ms,15
20200725,ng,8
20200725,nm,8
20200725,po,9
20200725,sg,4
20200725,si,241
20200725,za,70
20200724,ce,38
20200724,kk,7
20200724,kp,2
20200724,kr,29
20200724,lj,48
20200724,mb,5
20200724,ms,21
20200724,ng,10
20200724,nm,9
20200724,po,9
20200724,sg,4
20200724,si,240
20200724,za,57
20200723,ce,42
20200723,kk,6
20200723,kp,4
20200723,kr,27
20200723,lj,49
20200723,mb,6
20200723,ms,23
20200723,ng,10
20200723,nm,10
20200723,po,11
20200723,sg,8
20200723,si,260
20200723,za,62
20200722,ce,38
20200722,kk,5
20200722,kp,5
20200722,kr,28
20200722,lj,47
20200722,mb,6
20200722,ms,24
20200722,ng,11
20200722,nm,9
20200722,po,10
20200722,sg,10
20200722,si,258
20200722,za,62
20200721,ce,36
20200721,kk,5
20200721,kp,6
20200721,kr,24
20200721,lj,43
20200721,mb,7
20200721,ms,24
20200721,ng,11
20200721,nm,9
20200721,po,12
20200721,sg,10
20200721,si,244
20200721,za,54
20200720,ce,31
20200720,kk,7
20200720,kp,10
20200720,kr,22
20200720,lj,39
20200720,mb,11
20200720,ms,24
20200720,ng,13
20200720,nm,11
20200720,po,11
20200720,sg,10
20200720,si,239
20200720,za,47
20200719,ce,30
20200719,kk,7
20200719,kp,10
20200719,kr,19
20200719,lj,38
20200719,mb,17
20200719,ms,22
20200719,ng,14
20200719,nm,11
20200719,po,18
20200719,sg,12
20200719,si,238
20200719,za,37
20200718,ce,30
20200718,kk,7
20200718,kp,10
20200718,kr,19
20200718,lj,39
20200718,mb,19
20200718,ms,22
20200718,ng,23
20200718,nm,11
20200718,po,18
20200718,sg,12
20200718,si,247
20200718,za,35
20200717,ce,30
20200717,kk,7
20200717,kp,11
20200717,kr,17
20200717,lj,44
20200717,mb,24
20200717,ms,19
20200717,ng,29
20200717,nm,11
20200717,po,19
20200717,sg,15
20200717,si,262
20200717,za,34
20200716,ce,30
20200716,kk,5
20200716,kp,12
20200716,kr,15
20200716,lj,48
20200716,mb,27
20200716,ms,20
20200716,ng,31
20200716,nm,10
20200716,po,20
20200716,sg,18
20200716,si,268
20200716,za,30
20200715,ce,28
20200715,kk,5
20200715,kp,12
20200715,kr,14
20200715,lj,49
20200715,mb,29
20200715,ms,21
20200715,ng,32
20200715,nm,9
20200715,po,20
20200715,sg,20
20200715,si,265
20200715,za,24
20200714,ce,27
20200714,kk,4
20200714,kp,13
20200714,kr,13
20200714,lj,52
20200714,mb,30
20200714,ms,20
20200714,ng,30
20200714,nm,9
20200714,po,22
20200714,sg,28
20200714,si,267
20200714,za,17
20200713,ce,19
20200713,kk,5
20200713,kp,13
20200713,kr,12
20200713,lj,56
20200713,mb,31
20200713,ms,19
20200713,ng,31
20200713,nm,8
20200713,po,22
20200713,sg,28
20200713,si,261
20200713,za,15
20200712,ce,18
20200712,kk,5
20200712,kp,13
20200712,kr,11
20200712,lj,61
20200712,mb,37
20200712,ms,17
20200712,ng,30
20200712,nm,8
20200712,po,22
20200712,sg,28
20200712,si,266
20200712,za,12
20200711,ce,16
20200711,kk,5
20200711,kp,13
20200711,kr,11
20200711,lj,60
20200711,mb,36
20200711,ms,15
20200711,ng,30
20200711,nm,8
20200711,po,22
20200711,sg,31
20200711,si,262
20200711,za,11
20200710,ce,16
20200710,kk,5
20200710,kp,16
20200710,kr,7
20200710,lj,61
20200710,mb,37
20200710,ms,9
20200710,ng,29
20200710,nm,7
20200710,po,22
20200710,sg,32
20200710,si,256
20200710,za,11
20200709,ce,8
20200709,kk,5
20200709,kp,18
20200709,kr,6
20200709,lj,61
20200709,mb,36
20200709,ms,7
20200709,ng,28
20200709,nm,9
20200709,po,20
20200709,sg,28
20200709,si,236
20200709,za,7
20200708,ce,7
20200708,kk,4
20200708,kp,17
20200708,kr,8
20200708,lj,62
20200708,mb,35
20200708,ms,7
20200708,ng,28
20200708,nm,9
20200708,po,20
20200708,sg,26
20200708,si,230
20200708,za,5
20200707,ce,7
20200707,kk,4
20200707,kp,17
20200707,kr,10
20200707,lj,60
20200707,mb,35
20200707,ms,7
20200707,ng,27
20200707,nm,8
20200707,po,17
20200707,sg,26
20200707,si,223
20200707,za,3
20200706,ce,8
20200706,kk,2
20200706,kp,15
20200706,kr,9
20200706,lj,57
20200706,mb,31
20200706,ms,6
20200706,ng,25
20200706,nm,5
20200706,po,17
20200706,sg,24
20200706,si,205
20200706,za,3
20200705,ce,9
20200705,kk,2
20200705,kp,16
20200705,kr,9
20200705,lj,57
20200705,mb,25
20200705,ms,7
20200705,ng,23
20200705,nm,5
20200705,po,14
20200705,sg,22
20200705,si,195
20200705,za,2
20200704,ce,9
20200704,kk,2
20200704,kp,16
20200704,kr,9
20200704,lj,55
20200704,mb,23
20200704,ms,7
20200704,ng,12
20200704,nm,5
20200704,po,14
20200704,sg,22
20200704,si,180
20200704,za,2
20200703,ce,10
20200703,kk,2
20200703,kp,15
20200703,kr,9
20200703,lj,50
20200703,mb,18
20200703,ms,7
20200703,ng,6
20200703,nm,5
20200703,po,13
20200703,sg,19
20200703,si,160
20200703,za,2
20200702,ce,7
20200702,kk,2
20200702,kp,17
20200702,kr,7
20200702,lj,43
20200702,mb,15
20200702,ms,3
20200702,ng,4
20200702,nm,5
20200702,po,11
20200702,sg,16
20200702,si,136
20200702,za,2
20200701,ce,7
20200701,kk,1
20200701,kp,17
20200701,kr,7
20200701,lj,39
20200701,mb,12
20200701,ms,2
20200701,ng,3
20200701,nm,5
20200701,po,10
20200701,sg,14
20200701,si,122
20200701,za,1
20200630,ce,7
20200630,kk,2
20200630,kp,17
20200630,kr,7
20200630,lj,35
20200630,mb,10
20200630,ms,2
20200630,ng,3
20200630,nm,5
20200630,po,8
20200630,sg,5
20200630,si,109
20200630,za,1
20200629,ce,7
20200629,kk,1
20200629,kp,16
20200629,kr,8
20200629,lj,31
20200629,mb,8
20200629,ms,2
20200629,ng,2
20200629,nm,5
20200629,po,8
20200629,sg,4
20200629,si,100
20200629,za,1
20200628,ce,7
20200628,kk,2
20200628,kp,17
20200628,kr,8
20200628,lj,25
20200628,mb,2
20200628,ms,2
20200628,ng,2
20200628,nm,4
20200628,po,9
20200628,sg,4
20200628,si,88
20200628,za,1
20200627,ce,7
20200627,kk,2
20200627,kp,17
20200627,kr,9
20200627,lj,24
20200627,mb,2
20200627,ms,2
20200627,ng,2
20200627,nm,4
20200627,po,9
20200627,sg,1
20200627,si,85
20200627,za,1
20200626,ce,7
20200626,kk,2
20200626,kp,14
20200626,kr,9
20200626,lj,22
20200626,mb,1
20200626,ms,2
20200626,ng,3
20200626,nm,4
20200626,po,9
20200626,si,79
20200626,za,1
20200625,ce,6
20200625,kk,2
20200625,kp,10
20200625,kr,9
20200625,lj,19
20200625,mb,2
20200625,ms,2
20200625,ng,4
20200625,nm,1
20200625,po,7
20200625,si,67
20200624,ce,5
20200624,kk,2
20200624,kp,12
20200624,kr,6
20200624,lj,14
20200624,mb,2
20200624,ms,1
20200624,ng,3
20200624,nm,1
20200624,po,7
20200624,si,58
20200623,ce,4
20200623,kk,2
20200623,kp,11
20200623,kr,4
20200623,lj,13
20200623,mb,1
20200623,ms,1
20200623,ng,3
20200623,nm,1
20200623,po,7
20200623,si,52
20200622,ce,2
20200622,kk,2
20200622,kp,9
20200622,kr,5
20200622,lj,13
20200622,mb,1
20200622,ms,1
20200622,ng,3
20200622,nm,1
20200622,po,7
20200622,si,48
20200621,ce,1
20200621,kk,2
20200621,kp,8
20200621,kr,6
20200621,lj,11
20200621,mb,1
20200621,ng,3
20200621,po,1
20200621,si,36
20200620,ce,1
20200620,kk,2
20200620,kp,8
20200620,kr,6
20200620,lj,10
20200620,mb,1
20200620,ng,3
20200620,po,1
20200620,si,35
20200619,kk,2
20200619,kp,8
20200619,kr,7
20200619,lj,10
20200619,mb,1
20200619,ng,3
20200619,po,1
20200619,si,35
20200618,kk,2
20200618,kp,5
20200618,kr,11
20200618,lj,8
20200618,mb,1
20200618,ng,3
20200618,po,1
20200618,si,34
20200617,kk,2
20200617,kp,4
20200617,kr,12
20200617,lj,8
20200617,mb,1
20200617,ng,3
20200617,po,1
20200617,si,34
20200616,kk,1
20200616,kp,3
20200616,kr,12
20200616,lj,5
20200616,mb,1
20200616,ng,3
20200616,po,1
20200616,si,26
20200615,kk,1
20200615,kp,3
20200615,kr,10
20200615,lj,3
20200615,mb,3
20200615,ng,3
20200615,po,1
20200615,si,24
20200614,kp,2
20200614,kr,10
20200614,lj,4
20200614,mb,4
20200614,ng,3
20200614,si,23
20200613,kp,2
20200613,kr,9
20200613,lj,4
20200613,mb,4
20200613,ng,3
20200613,si,22
20200612,kp,2
20200612,kr,8
20200612,lj,4
20200612,mb,4
20200612,ng,1
20200612,si,19
20200611,kp,2
20200611,kr,8
20200611,lj,4
20200611,mb,3
20200611,si,17
20200610,kr,8
20200610,lj,4
20200610,mb,3
20200610,si,15
20200609,kk,1
20200609,kr,8
20200609,lj,5
20200609,mb,3
20200609,si,17
20200608,kk,1
20200608,kr,7
20200608,lj,5
20200608,mb,3
20200608,si,17
20200607,kk,1
20200607,kr,6
20200607,lj,5
20200607,mb,3
20200607,si,16
20200606,kk,1
20200606,kr,6
20200606,lj,5
20200606,mb,3
20200606,si,17
20200605,kk,1
20200605,kr,5
20200605,lj,5
20200605,mb,3
20200605,si,16
20200604,kk,1
20200604,kr,1
20200604,lj,4
20200604,mb,3
20200604,si,11
20200603,kk,1
20200603,lj,3
20200603,mb,3
20200603,si,9
20200602,kk,1
20200602,lj,3
20200602,mb,3
20200602,si,9
20200601,kk,1
20200601,lj,3
20200601,mb,1
20200601,nm,1
20200601,si,8
20200531,kk,1
20200531,lj,3
20200531,nm,1
20200531,si,7
20200530,kk,1
20200530,lj,3
20200530,nm,1
20200530,si,7
20200529,ce,1
20200529,kk,1
20200529,lj,3
20200529,nm,1
20200529,si,8
20200528,ce,1
20200528,kk,1
20200528,lj,3
20200528,nm,1
20200528,si,8
20200527,ce,1
20200527,kk,1
20200527,lj,3
20200527,nm,1
20200527,si,9
20200526,ce,1
20200526,lj,2
20200526,ng,1
20200526,nm,1
20200526,si,8
20200525,ce,1
20200525,lj,1
20200525,mb,1
20200525,ng,1
20200525,nm,2
20200525,si,8
20200524,ce,2
20200524,lj,1
20200524,mb,1
20200524,ng,1
20200524,nm,2
20200524,si,9
20200523,ce,2
20200523,lj,4
20200523,mb,1
20200523,ng,1
20200523,nm,2
20200523,si,11
20200522,ce,3
20200522,lj,5
20200522,mb,1
20200522,ng,1
20200522,nm,3
20200522,si,14
20200521,ce,3
20200521,kr,1
20200521,lj,6
20200521,mb,1
20200521,ng,1
20200521,nm,3
20200521,sg,1
20200521,si,18
20200521,za,1
20200520,ce,3
20200520,kr,2
20200520,lj,6
20200520,mb,1
20200520,ng,1
20200520,nm,3
20200520,sg,1
20200520,si,19
20200520,za,1
20200519,ce,4
20200519,kr,2
20200519,lj,6
20200519,mb,1
20200519,ng,1
20200519,nm,3
20200519,sg,1
20200519,si,20
20200519,za,1
20200518,ce,4
20200518,kr,2
20200518,lj,6
20200518,mb,1
20200518,ms,2
20200518,ng,1
20200518,nm,3
20200518,sg,1
20200518,si,22
20200518,za,1
20200517,ce,5
20200517,kr,2
20200517,lj,5
20200517,mb,1
20200517,ms,7
20200517,ng,1
20200517,nm,3
20200517,sg,1
20200517,si,27
20200517,za,1
20200516,ce,5
20200516,kr,2
20200516,lj,5
20200516,mb,1
20200516,ms,7
20200516,ng,1
20200516,nm,3
20200516,sg,1
20200516,si,27
20200516,za,1
20200515,ce,4
20200515,kr,2
20200515,lj,5
20200515,mb,1
20200515,ms,7
20200515,ng,1
20200515,nm,3
20200515,sg,1
20200515,si,26
20200515,za,1
20200514,ce,5
20200514,kr,2
20200514,lj,5
20200514,mb,2
20200514,ms,9
20200514,ng,1
20200514,nm,4
20200514,sg,1
20200514,si,31
20200514,za,1
20200513,ce,5
20200513,kr,2
20200513,lj,6
20200513,mb,3
20200513,ms,12
20200513,ng,1
20200513,nm,4
20200513,sg,1
20200513,si,35
20200513,za,1
20200512,ce,7
20200512,kr,2
20200512,lj,7
20200512,mb,6
20200512,ms,15
20200512,nm,5
20200512,sg,1
20200512,si,45
20200512,za,2
20200511,ce,7
20200511,kr,2
20200511,lj,8
20200511,mb,5
20200511,ms,21
20200511,nm,5
20200511,sg,2
20200511,si,52
20200511,za,2
20200510,ce,10
20200510,kr,3
20200510,lj,8
20200510,mb,5
20200510,ms,22
20200510,nm,5
20200510,sg,2
20200510,si,57
20200510,za,2
20200509,ce,11
20200509,kr,4
20200509,lj,5
20200509,mb,7
20200509,ms,23
20200509,nm,6
20200509,sg,2
20200509,si,60
20200509,za,2
20200508,ce,10
20200508,kr,4
20200508,lj,9
20200508,mb,7
20200508,ms,26
20200508,nm,5
20200508,sg,2
20200508,si,65
20200508,za,2
20200507,ce,10
20200507,kr,6
20200507,lj,10
20200507,mb,10
20200507,ms,30
20200507,ng,1
20200507,nm,5
20200507,sg,1
20200507,si,76
20200507,za,3
20200506,ce,10
20200506,kr,6
20200506,lj,10
20200506,mb,12
20200506,ms,33
20200506,ng,1
20200506,nm,6
20200506,sg,1
20200506,si,82
20200506,za,3
20200505,ce,9
20200505,kr,8
20200505,lj,17
20200505,mb,13
20200505,ms,34
20200505,ng,1
20200505,nm,8
20200505,sg,1
20200505,si,94
20200505,za,3
20200504,ce,10
20200504,kr,8
20200504,lj,18
20200504,mb,14
20200504,ms,35
20200504,ng,1
20200504,nm,9
20200504,sg,1
20200504,si,100
20200504,za,4
20200503,ce,12
20200503,kr,8
20200503,lj,21
20200503,mb,14
20200503,ms,30
20200503,ng,1
20200503,nm,11
20200503,sg,2
20200503,si,103
20200503,za,4
20200502,ce,13
20200502,kr,8
20200502,lj,23
20200502,mb,15
20200502,ms,30
20200502,ng,1
20200502,nm,11
20200502,sg,3
20200502,si,108
20200502,za,4
20200501,ce,19
20200501,kr,9
20200501,lj,23
20200501,mb,15
20200501,ms,35
20200501,ng,1
20200501,nm,12
20200501,sg,3
20200501,si,121
20200501,za,4
20200430,ce,22
20200430,kp,1
20200430,kr,9
20200430,lj,24
20200430,mb,14
20200430,ms,36
20200430,ng,1
20200430,nm,14
20200430,sg,3
20200430,si,129
20200430,za,4
20200429,ce,39
20200429,kk,1
20200429,kp,2
20200429,kr,9
20200429,lj,26
20200429,mb,15
20200429,ms,38
20200429,ng,1
20200429,nm,19
20200429,sg,5
20200429,si,160
20200429,za,4
20200428,ce,38
20200428,kk,1
20200428,kp,2
20200428,kr,9
20200428,lj,30
20200428,mb,13
20200428,ms,44
20200428,ng,1
20200428,nm,21
20200428,sg,5
20200428,si,170
20200428,za,5
20200427,ce,41
20200427,kk,1
20200427,kp,4
20200427,kr,9
20200427,lj,34
20200427,mb,16
20200427,ms,49
20200427,ng,1
20200427,nm,20
20200427,po,1
20200427,sg,4
20200427,si,188
20200427,za,7
20200426,ce,37
20200426,kk,2
20200426,kp,4
20200426,kr,8
20200426,lj,35
20200426,mb,20
20200426,ms,48
20200426,ng,1
20200426,nm,21
20200426,po,1
20200426,sg,4
20200426,si,190
20200426,za,7
20200425,ce,37
20200425,kk,2
20200425,kp,4
20200425,kr,8
20200425,lj,39
20200425,mb,18
20200425,ms,47
20200425,ng,2
20200425,nm,20
20200425,po,1
20200425,sg,4
20200425,si,191
20200425,za,7
20200424,ce,39
20200424,kk,2
20200424,kp,4
20200424,kr,8
20200424,lj,34
20200424,mb,19
20200424,ms,54
20200424,ng,2
20200424,nm,23
20200424,po,1
20200424,sg,4
20200424,si,200
20200424,za,8
20200423,ce,44
20200423,kk,2
20200423,kp,5
20200423,kr,6
20200423,lj,39
20200423,mb,19
20200423,ms,56
20200423,ng,1
20200423,nm,28
20200423,po,2
20200423,sg,4
20200423,si,214
20200423,za,6
20200422,ce,48
20200422,kk,3
20200422,kp,5
20200422,kr,5
20200422,lj,49
20200422,mb,19
20200422,ms,65
20200422,ng,1
20200422,nm,32
20200422,po,2
20200422,sg,5
20200422,si,242
20200422,za,6
20200421,ce,55
20200421,kk,3
20200421,kp,5
20200421,kr,8
20200421,lj,56
20200421,mb,22
20200421,ms,64
20200421,ng,1
20200421,nm,32
20200421,po,2
20200421,sg,6
20200421,si,262
20200421,za,6
20200420,ce,60
20200420,kk,3
20200420,kp,5
20200420,kr,9
20200420,lj,71
20200420,mb,26
20200420,ms,64
20200420,ng,1
20200420,nm,31
20200420,po,2
20200420,sg,9
20200420,si,289
20200420,za,6
20200419,ce,67
20200419,kk,3
20200419,kp,5
20200419,kr,12
20200419,lj,77
20200419,mb,30
20200419,ms,71
20200419,ng,1
20200419,nm,29
20200419,po,2
20200419,sg,9
20200419,si,315
20200419,za,7
20200418,ce,75
20200418,kk,3
20200418,kp,5
20200418,kr,13
20200418,lj,76
20200418,mb,31
20200418,ms,71
20200418,ng,4
20200418,nm,29
20200418,po,2
20200418,sg,10
20200418,si,333
20200418,za,10
20200417,ce,78
20200417,kk,3
20200417,kp,5
20200417,kr,12
20200417,lj,78
20200417,mb,34
20200417,ms,70
20200417,ng,4
20200417,nm,28
20200417,po,2
20200417,sg,12
20200417,si,340
20200417,za,10
20200416,ce,92
20200416,kk,3
20200416,kp,4
20200416,kr,12
20200416,lj,87
20200416,mb,38
20200416,ms,70
20200416,ng,6
20200416,nm,29
20200416,po,2
20200416,sg,12
20200416,si,368
20200416,za,10
20200415,ce,85
20200415,kk,3
20200415,kp,5
20200415,kr,14
20200415,lj,92
20200415,mb,39
20200415,ms,74
20200415,ng,6
20200415,nm,27
20200415,po,3
20200415,sg,11
20200415,si,372
20200415,za,10
20200414,ce,97
20200414,kk,3
20200414,kp,5
20200414,kr,17
20200414,lj,101
20200414,mb,41
20200414,ms,80
20200414,ng,7
20200414,nm,29
20200414,po,3
20200414,sg,11
20200414,si,406
20200414,za,9
20200413,ce,99
20200413,kk,3
20200413,kp,3
20200413,kr,21
20200413,lj,103
20200413,mb,40
20200413,ms,81
20200413,ng,10
20200413,nm,30
20200413,po,2
20200413,sg,11
20200413,si,416
20200413,za,10
20200412,ce,106
20200412,kk,3
20200412,kp,5
20200412,kr,21
20200412,lj,117
20200412,mb,36
20200412,ms,95
20200412,ng,10
20200412,nm,35
20200412,po,3
20200412,sg,11
20200412,si,456
20200412,za,11
20200411,ce,115
20200411,kk,4
20200411,kp,5
20200411,kr,21
20200411,lj,119
20200411,mb,37
20200411,ms,99
20200411,ng,9
20200411,nm,36
20200411,po,3
20200411,sg,11
20200411,si,473
20200411,za,11
20200410,ce,133
20200410,kk,4
20200410,kp,6
20200410,kr,24
20200410,lj,126
20200410,mb,40
20200410,ms,89
20200410,ng,11
20200410,nm,36
20200410,po,3
20200410,sg,15
20200410,si,503
20200410,za,12
20200409,ce,132
20200409,kk,4
20200409,kp,5
20200409,kr,31
20200409,lj,141
20200409,mb,38
20200409,ms,85
20200409,ng,12
20200409,nm,35
20200409,po,6
20200409,sg,20
20200409,si,526
20200409,za,13
20200408,ce,139
20200408,kk,3
20200408,kp,6
20200408,kr,33
20200408,lj,148
20200408,mb,41
20200408,ms,75
20200408,ng,13
20200408,nm,48
20200408,po,7
20200408,sg,21
20200408,si,552
20200408,za,14
20200407,ce,142
20200407,kk,3
20200407,kp,6
20200407,kr,34
20200407,lj,150
20200407,mb,41
20200407,ms,75
20200407,ng,14
20200407,nm,49
20200407,po,10
20200407,sg,22
20200407,si,566
20200407,za,16
20200406,ce,146
20200406,kk,4
20200406,kp,6
20200406,kr,36
20200406,lj,152
20200406,mb,38
20200406,ms,77
20200406,ng,14
20200406,nm,52
20200406,po,12
20200406,sg,21
20200406,si,578
20200406,za,16
20200405,ce,145
20200405,kk,5
20200405,kp,6
20200405,kr,35
20200405,lj,160
20200405,mb,37
20200405,ms,71
20200405,ng,14
20200405,nm,52
20200405,po,12
20200405,sg,21
20200405,si,579
20200405,za,17
20200404,ce,146
20200404,kk,5
20200404,kp,7
20200404,kr,35
20200404,lj,170
20200404,mb,42
20200404,ms,71
20200404,ng,11
20200404,nm,53
20200404,po,14
20200404,sg,22
20200404,si,592
20200404,za,14
20200403,ce,149
20200403,kk,7
20200403,kp,7
20200403,kr,39
20200403,lj,180
20200403,mb,41
20200403,ms,67
20200403,ng,12
20200403,nm,54
20200403,po,15
20200403,sg,20
20200403,si,609
20200403,za,16
20200402,ce,131
20200402,kk,8
20200402,kp,7
20200402,kr,40
20200402,lj,186
20200402,mb,41
20200402,ms,64
20200402,ng,10
20200402,nm,52
20200402,po,15
20200402,sg,22
20200402,si,596
20200402,za,17
20200401,ce,127
20200401,kk,8
20200401,kp,5
20200401,kr,41
20200401,lj,185
20200401,mb,40
20200401,ms,55
20200401,ng,10
20200401,nm,52
20200401,po,14
20200401,sg,22
20200401,si,579
20200401,za,17
20200331,ce,124
20200331,kk,8
20200331,kp,8
20200331,kr,40
20200331,lj,177
20200331,mb,38
20200331,ms,44
20200331,ng,10
20200331,nm,48
20200331,po,15
20200331,sg,25
20200331,si,556
20200331,za,16
20200330,ce,121
20200330,kk,8
20200330,kp,8
20200330,kr,36
20200330,lj,171
20200330,mb,39
20200330,ms,32
20200330,ng,7
20200330,nm,50
20200330,po,16
20200330,sg,25
20200330,si,529
20200330,za,13
20200329,ce,114
20200329,kk,7
20200329,kp,6
20200329,kr,38
20200329,lj,166
20200329,mb,42
20200329,ms,18
20200329,ng,8
20200329,nm,46
20200329,po,15
20200329,sg,32
20200329,si,507
20200329,za,12
20200328,ce,110
20200328,kk,6
20200328,kp,7
20200328,kr,42
20200328,lj,169
20200328,mb,44
20200328,ms,14
20200328,ng,8
20200328,nm,49
20200328,po,20
20200328,sg,34
20200328,si,518
20200328,za,12
20200327,ce,97
20200327,kk,6
20200327,kp,7
20200327,kr,42
20200327,lj,176
20200327,mb,46
20200327,ms,15
20200327,ng,6
20200327,nm,47
20200327,po,22
20200327,sg,31
20200327,si,507
20200327,za,10
20200326,ce,105
20200326,kk,6
20200326,kp,9
20200326,kr,40
20200326,lj,164
20200326,mb,48
20200326,ms,13
20200326,ng,6
20200326,nm,53
20200326,po,19
20200326,sg,26
20200326,si,501
20200326,za,10
20200325,ce,103
20200325,kk,7
20200325,kp,10
20200325,kr,39
20200325,lj,166
20200325,mb,45
20200325,ms,12
20200325,ng,6
20200325,nm,47
20200325,po,18
20200325,sg,24
20200325,si,490
20200325,za,10
20200324,ce,97
20200324,kk,7
20200324,kp,10
20200324,kr,34
20200324,lj,167
20200324,mb,45
20200324,ms,13
20200324,ng,6
20200324,nm,50
20200324,po,16
20200324,sg,22
20200324,si,478
20200324,za,8
20200323,ce,87
20200323,kk,6
20200323,kp,11
20200323,kr,31
20200323,lj,160
20200323,mb,45
20200323,ms,8
20200323,ng,6
20200323,nm,47
20200323,po,16
20200323,sg,20
20200323,si,447
20200323,za,7
20200322,ce,78
20200322,kk,5
20200322,kp,11
20200322,kr,29
20200322,lj,149
20200322,mb,42
20200322,ms,7
20200322,ng,6
20200322,nm,52
20200322,po,16
20200322,sg,19
20200322,si,422
20200322,za,5
20200321,ce,68
20200321,kk,5
20200321,kp,10
20200321,kr,28
20200321,lj,140
20200321,mb,35
20200321,ms,7
20200321,ng,6
20200321,nm,54
20200321,po,14
20200321,sg,16
20200321,si,391
20200321,za,5
20200320,ce,56
20200320,kk,3
20200320,kp,11
20200320,kr,24
20200320,lj,129
20200320,mb,34
20200320,ms,7
20200320,ng,5
20200320,nm,55
20200320,po,13
20200320,sg,16
20200320,si,359
20200320,za,3
20200319,ce,56
20200319,kk,2
20200319,kp,11
20200319,kr,23
20200319,lj,115
20200319,mb,30
20200319,ms,8
20200319,ng,5
20200319,nm,54
20200319,po,13
20200319,sg,14
20200319,si,335
20200319,za,2
20200318,ce,50
20200318,kk,1
20200318,kp,11
20200318,kr,20
20200318,lj,112
20200318,mb,28
20200318,ms,9
20200318,ng,5
20200318,nm,51
20200318,po,13
20200318,sg,13
20200318,si,317
20200318,za,2
20200317,ce,40
20200317,kk,1
20200317,kp,8
20200317,kr,18
20200317,lj,107
20200317,mb,27
20200317,ms,5
20200317,ng,4
20200317,nm,50
20200317,po,12
20200317,sg,10
20200317,si,286
20200317,za,2
20200316,ce,38
20200316,kk,1
20200316,kp,8
20200316,kr,18
20200316,lj,106
20200316,mb,24
20200316,ms,5
20200316,ng,4
20200316,nm,47
20200316,po,11
20200316,sg,10
20200316,si,276
20200316,za,2
20200315,ce,38
20200315,kk,1
20200315,kp,8
20200315,kr,16
20200315,lj,96
20200315,mb,21
20200315,ms,5
20200315,ng,3
20200315,nm,45
20200315,po,11
20200315,sg,3
20200315,si,250
20200315,za,2
20200314,ce,32
20200314,kk,1
20200314,kp,7
20200314,kr,11
20200314,lj,87
20200314,mb,18
20200314,ms,5
20200314,ng,3
20200314,nm,41
20200314,po,6
20200314,sg,1
20200314,si,215
20200314,za,2
20200313,ce,25
20200313,kk,1
20200313,kp,6
20200313,kr,8
20200313,lj,73
20200313,mb,12
20200313,ms,4
20200313,ng,3
20200313,nm,40
20200313,po,4
20200313,si,179
20200313,za,2
20200312,ce,13
20200312,kk,1
20200312,kp,4
20200312,kr,2
20200312,lj,63
20200312,mb,9
20200312,ms,4
20200312,ng,2
20200312,nm,30
20200312,po,3
20200312,si,133
20200312,za,1
20200311,ce,4
20200311,kp,2
20200311,kr,1
20200311,lj,44
20200311,mb,7
20200311,ms,3
20200311,ng,1
20200311,nm,18
20200311,po,3
20200311,si,83
20200310,kp,2
20200310,lj,27
20200310,mb,3
20200310,ms,2
20200310,nm,12
20200310,po,2
20200310,si,48
20200309,kp,1
20200309,lj,16
20200309,mb,1
20200309,ms,2
20200309,nm,11
20200309,si,31
20200308,kp,1
20200308,lj,10
20200308,mb,1
20200308,ms,2
20200308,nm,6
20200308,si,20
20200307,kp,1
20200307,lj,8
20200307,mb,1
20200307,ms,2
20200307,nm,3
20200307,si,15
20200306,lj,7
20200306,ms,2
20200306,nm,1
20200306,si,10
20200305,lj,5
20200305,ms,1
20200305,si,6
20200304,lj,1
20200304,si,1
